entropy,rarity,attn_var,kv_bits,latency,accuracy
7.9020148188944015,-0.0,0.048828125,16,4.258692264556885,0.03681034253805994
5.128542556950757,1.0986122886681098,0.048828125,8,4.258692264556885,8.295677125115294
5.242576329983258,1.6094379124341003,0.048828125,8,4.258692264556885,0.0615469588283358
2.86903374443291,1.9459101490553135,0.048828125,4,4.258692264556885,23.585413497996797
1.3771954438119218,2.1972245773362196,0.048828125,2,4.258692264556885,61.970104861517136
4.663899531565514,2.3978952727983707,0.048828125,8,4.258692264556885,0.19858660726423438
3.8072970447858583,2.5649493574615367,0.048828125,4,4.258692264556885,12.430923387727288
4.1826708950635165,2.70805020110221,0.048828125,8,4.258692264556885,0.14974019461638893
7.84527434202705,2.833213344056216,0.020477294921875,16,1.7976760864257812,0.005889851871301018
5.192566083528366,2.9444389791664407,0.020477294921875,8,1.7976760864257812,0.01948921858271801
3.850785397268658,3.044522437723423,0.020477294921875,4,1.7976760864257812,3.500403397859955
4.401607262493695,2.4423470353692043,0.020477294921875,8,1.7976760864257812,5.522292229271968
6.602079445176718,3.1780538303479458,0.020477294921875,16,1.7976760864257812,0.4598513865853273
3.990167724066559,3.258096538021482,0.020477294921875,4,1.7976760864257812,0.012137814210088204
5.2456190184006966,2.639057329615259,0.020477294921875,8,1.7976760864257812,4.504105371916175
4.374013013411545,3.367295829986474,0.020477294921875,8,1.7976760864257812,12.756052193937958
5.193016595914729,3.4339872044851463,0.020477294921875,8,1.7976760864257812,0.16214375148339982
2.811986502582566,3.4965075614664802,0.020477294921875,4,1.7976760864257812,10.57776835959922
2.3887995888359956,3.5553480614894135,0.020477294921875,4,1.7976760864257812,24.181173077453032
5.193170589380731,3.6109179126442243,0.020477294921875,8,1.7976760864257812,1.0316762972095985
2.271480634553834,3.6635616461296463,0.020477294921875,4,1.7976760864257812,45.066900697331135
2.1220641952344943,3.713572066704308,0.020477294921875,4,1.7976760864257812,0.15140587139775613
3.055096014601782,2.662587827025453,0.020477294921875,4,1.7976760864257812,22.561874094571717
3.930557512459997,3.0910424533583156,0.020477294921875,4,1.7976760864257812,0.06806254125925693
5.986943070834901,3.1135153092103742,0.020477294921875,8,1.7976760864257812,4.577111305050604
7.274252332308933,3.828641396489095,0.00844573974609375,16,0.6578377314976284,0.03398182230917074
5.448389135980223,3.871201010907891,0.00844573974609375,8,0.6578377314976284,3.086758831101684
4.7237109933301875,2.8134107167600364,0.00844573974609375,8,0.6578377314976284,9.497132675040524
7.220615201004698,3.9318256327243257,0.00844573974609375,16,0.6578377314976284,0.08191260544694623
4.628198119789139,3.970291913552122,0.00844573974609375,8,0.6578377314976284,0.06103367050466367
6.487953415981249,4.007333185232471,0.00844573974609375,16,0.6578377314976284,0.09242288647225323
5.121379170098664,3.349904087274605,0.00844573974609375,8,0.6578377314976284,14.435926888459205
3.7895322429018314,2.6741486494265287,0.00844573974609375,4,0.6578377314976284,16.033447706140123
6.974062179348844,4.07753744390572,0.00844573974609375,16,0.6578377314976284,0.012214236786185044
4.803543985186279,4.110873864173311,0.00844573974609375,8,0.6578377314976284,0.6786118461063733
4.226700266679868,2.5336968139574325,0.00844573974609375,8,0.6578377314976284,17.052442624567156
3.945815331015,3.4657359027997265,0.00844573974609375,4,0.6578377314976284,41.66373127261025
4.027532185176522,4.174387269895637,0.00844573974609375,8,0.6578377314976284,0.2874564004920882
2.8623026555558537,3.1060803307228566,0.00844573974609375,4,0.6578377314976284,14.20100658723777
1.9951281938290737,3.5263605246161616,0.00844573974609375,2,0.6578377314976284,73.77215704808476
3.760304933908256,3.5409593240373143,0.00844573974609375,4,0.6578377314976284,0.5693877631597176
4.094784548837432,4.248495242049359,0.00844573974609375,8,0.6578377314976284,0.6895022331338205
2.6227681556729836,3.1780538303479458,0.00844573974609375,4,0.6578377314976284,16.888130003872824
2.1097682238851108,2.9041650800285006,0.00844573974609375,4,0.6578377314976284,43.50044409323112
4.137483104655258,4.304065093204169,0.00844573974609375,8,0.6578377314976284,14.452859590271574
2.179724707408149,4.330733340286331,0.00844573974609375,4,0.6578377314976284,7.091450492150875
5.233988462385682,4.356708826689592,0.00844573974609375,8,0.6578377314976284,3.7854752103347162
3.5532524190331083,4.382026634673881,0.00844573974609375,4,0.6578377314976284,0.645341414056654
3.686464188480244,4.406719247264253,0.00844573974609375,4,0.6578377314976284,0.06984459972658434
5.501966392299636,4.430816798843313,0.00844573974609375,8,0.6578377314976284,0.03918917486010755
3.8083399340267494,3.068052935133617,0.00844573974609375,4,0.6578377314976284,25.20741556480088
2.7070518941543655,2.856470206220483,0.00844573974609375,4,0.6578377314976284,55.77674856130477
4.173330324083053,4.477336814478207,0.00844573974609375,8,0.6578377314976284,18.730060399430997
1.709835473910423,3.1135153092103742,0.00844573974609375,2,0.6578377314976284,71.01289009090347
3.8402614800523533,2.7191000372887952,0.00844573974609375,4,0.6578377314976284,0.030809776069337175
6.657966261395481,3.828641396489095,0.00844573974609375,16,0.6578377314976284,0.5615660209332268
3.7332647223025885,3.8394523125933104,0.00844573974609375,4,0.6578377314976284,4.356537461796523
2.2237339821522566,2.751535313041949,0.00844573974609375,4,0.6578377314976284,1.014899209173101
2.8183952907188243,4.553876891600541,0.00844573974609375,4,0.6578377314976284,0.05010609322282507
2.363802314680407,3.4760986898352733,0.00844573974609375,4,0.6578377314976284,14.924494590841213
7.9020148188944015,4.584967478670572,0.042266845703125,16,2.4492210812038846,0.011582888189472219
5.478551918128718,3.912023005428146,0.042266845703125,8,2.4492210812038846,5.297451142000355
5.418117024087211,4.61512051684126,0.042266845703125,8,2.4492210812038846,0.04315190558843145
4.262644575210616,3.9415818076696905,0.042266845703125,8,2.4492210812038846,2.7038174415279945
1.5317291924254723,2.6984807500860595,0.042266845703125,2,2.4492210812038846,39.012047707268025
4.848981805903424,4.653960350157523,0.042266845703125,8,2.4492210812038846,2.876610657597249
3.5100537812704085,3.0633909220278057,0.042266845703125,4,2.4492210812038846,14.723689902712389
4.64967045030924,2.7362210780689065,0.042266845703125,8,2.4492210812038846,0.11253985252309699
5.887929388862595,3.9982007016691985,0.042266845703125,8,2.4492210812038846,14.79440229758998
8.433025931810139,3.6018680771243066,0.0137481689453125,16,1.0238265991210938,0.012039021767950266
5.706574055678394,4.709530201312334,0.0137481689453125,8,1.0238265991210938,0.007683331712559373
2.6205361808142227,4.727387818712341,0.0137481689453125,4,1.0238265991210938,23.305956385382274
4.7372928432266725,4.74493212836325,0.0137481689453125,8,1.0238265991210938,0.5539691975510047
3.7885117602346647,4.762173934797756,0.0137481689453125,4,1.0238265991210938,0.9534882205293196
1.4132732752595243,2.6996819514316934,0.0137481689453125,2,1.0238265991210938,66.6372525025563
5.657365211191983,4.787491742782046,0.0137481689453125,8,1.0238265991210938,0.24812670907436246
0.9887482001927972,4.804021044733257,0.0137481689453125,2,1.0238265991210938,86.83149072934546
2.4271696229531945,2.740840023925201,0.0137481689453125,4,1.0238265991210938,8.590696209300525
6.446344776326121,4.135166556742356,0.0137481689453125,16,1.0238265991210938,0.06331703587858377
3.127619373662648,3.044522437723423,0.0137481689453125,4,1.0238265991210938,13.71884663101989
3.9200564775873583,4.844187086458591,0.0137481689453125,4,1.0238265991210938,19.474363667654877
6.698856861918619,3.4735180432417816,0.0137481689453125,16,1.0238265991210938,10.111858362127439
5.331790550182598,4.867534450455582,0.0137481689453125,8,1.0238265991210938,0.05703711996737576
3.2112244254831825,4.189654742026425,0.0137481689453125,4,1.0238265991210938,43.026289235783736
1.8074419315302905,4.197201947661808,0.0137481689453125,2,1.0238265991210938,29.811140408361087
3.6109052955162917,4.897839799950911,0.0137481689453125,4,1.0238265991210938,6.021160672018574
2.6959043079559755,3.8140425970679424,0.0137481689453125,4,1.0238265991210938,3.221904859240426
1.4453655956498006,4.22683374526818,0.0137481689453125,2,1.0238265991210938,0.08272157080845692
1.3383733311847354,2.7300291078209855,0.0137481689453125,2,1.0238265991210938,32.26005182519175
5.541301681438283,4.9344739331306915,0.0137481689453125,8,1.0238265991210938,0.09124783041509389
6.007017507188765,4.948759890378168,0.0137481689453125,16,1.0238265991210938,0.680957516067768
2.8339962400671106,3.016934481204594,0.0137481689453125,4,1.0238265991210938,37.72320236462762
2.935016646527961,2.772588722239781,0.0137481689453125,4,1.0238265991210938,0.07397766663887763
3.543918592669292,3.367295829986474,0.0137481689453125,4,1.0238265991210938,50.50894333533243
8.433025931810139,3.1918471524802814,0.016815185546875,16,1.3853141239711217,0.012039021767950266
5.706574055678394,4.297285406218791,0.016815185546875,8,1.3853141239711217,0.00151885918947626
2.8826712272092885,3.6109179126442243,0.016815185546875,4,1.3853141239711217,28.161182488626764
2.6270738776276756,3.9053340172773496,0.016815185546875,4,1.3853141239711217,3.7274882079086984
4.906546925390988,4.31748811353631,0.016815185546875,8,1.3853141239711217,1.710260940067824
2.834649973653749,3.407841924380824,0.016815185546875,4,1.3853141239711217,1.778626406289135
2.007330738200175,3.925268232178167,0.016815185546875,4,1.3853141239711217,0.20336580443150823
1.8392857663306676,2.72785282839839,0.016815185546875,2,1.3853141239711217,30.538119475442464
6.054244321382875,4.343805421853684,0.016815185546875,16,1.3853141239711217,0.23018557399049522
5.72432304705705,4.350277936359301,0.016815185546875,8,1.3853141239711217,0.16890320898266506
3.0764564771685423,2.9704144655697013,0.016815185546875,4,1.3853141239711217,21.215257648621183
3.8038242806630445,4.363098624788362,0.016815185546875,4,1.3853141239711217,21.737614362411954
5.48065675944321,3.1166848839716534,0.016815185546875,8,1.3853141239711217,20.093104439106416
5.353252607391143,5.0689042022202315,0.016815185546875,8,1.3853141239711217,1.0121449656945065
4.92925326768645,5.081404364984463,0.016815185546875,8,1.3853141239711217,11.192058054258146
2.506229248504043,5.093750200806762,0.016815185546875,4,1.3853141239711217,4.655585865754945
1.4686487832837847,2.803360380906535,0.016815185546875,2,1.3853141239711217,64.79513797944081
1.3828496247807904,4.013375499688434,0.016815185546875,2,1.3853141239711217,82.27778868039132
1.6618973224829041,2.920769235080536,0.016815185546875,2,1.3853141239711217,2.3582961137286156
3.143370181546147,2.7260687066048885,0.016815185546875,4,1.3853141239711217,0.3475188926582969
2.903360017872914,3.0504571732432377,0.016815185546875,4,1.3853141239711217,59.254661146893525
7.83689450147979,3.7495040759303713,0.01861572265625,16,1.0773897171020508,0.03583119654958473
5.130548166205553,4.04305126783455,0.01861572265625,8,1.0773897171020508,8.263429387057565
5.247752442014738,4.454347296253507,0.01861572265625,8,1.0773897171020508,0.11583456522615462
3.379163974631828,3.543853682063679,0.01861572265625,4,1.0773897171020508,18.996170719855833
2.0061483961762585,5.159055299214529,0.01861572265625,4,1.0773897171020508,18.52576739278373
0.20742022353523973,4.477336814478207,0.01861572265625,2,1.0773897171020508,97.48468480261913
1.9139923715082896,2.7782544597754586,0.01861572265625,2,1.0773897171020508,56.07475263632515
6.3309789492201265,5.181783550292085,0.01861572265625,16,1.0773897171020508,0.20862562076833438
3.6001704702856543,2.890371757896165,0.01861572265625,4,1.0773897171020508,18.75323196334462
3.864397087299996,5.198497031265826,0.01861572265625,4,1.0773897171020508,18.68579379897731
4.233779723072487,5.209486152841421,0.01861572265625,8,1.0773897171020508,0.6566879296587352
4.2947434411288405,5.220355825078324,0.01861572265625,8,1.0773897171020508,0.3023440759424471
3.2729008775239303,2.746201967066586,0.01861572265625,4,1.0773897171020508,31.188969537980416
4.021880427420462,5.236441962829949,0.01861572265625,8,1.0773897171020508,0.021903148451517272
0.35247288286583467,5.247024072160486,0.01861572265625,2,1.0773897171020508,91.68144701723413
2.4946701536874487,5.2574953720277815,0.01861572265625,4,1.0773897171020508,0.3954516001401694
3.211851762203265,2.782951509275328,0.01861572265625,4,1.0773897171020508,20.152140614709804
4.346157461088412,4.579852378003801,0.01861572265625,8,1.0773897171020508,20.729415379138892
1.8465543632631427,2.8802193864321466,0.01861572265625,2,1.0773897171020508,55.37774996334674
3.7969009326366248,4.590056548178043,0.01861572265625,4,1.0773897171020508,0.016069419757462903
7.84527434202705,5.288267030694535,0.0198822021484375,16,1.7880648374557495,0.00346246529432077
4.111061522668615,5.298317366548036,0.0198822021484375,8,1.7880648374557495,0.10968810478878409
5.316265580639797,5.308267697401205,0.0198822021484375,8,1.7880648374557495,1.2673490590586738
4.982074526314539,3.9318256327243257,0.0198822021484375,8,1.7880648374557495,7.056305947384894
3.20995283136644,4.629862798578463,0.0198822021484375,4,1.7880648374557495,0.4634096581691449
3.3679163647622907,4.634728988229636,0.0198822021484375,4,1.7880648374557495,2.479854954198632
5.006215129911308,5.332718793265369,0.0198822021484375,8,1.7880648374557495,0.06187720266636632
4.941360364024685,5.342334251964811,0.0198822021484375,8,1.7880648374557495,0.006516458059175424
2.964467450658863,5.351858133476067,0.0198822021484375,4,1.7880648374557495,29.545159121098756
3.7209655496202485,4.2626798770413155,0.0198822021484375,4,1.7880648374557495,4.575821990708574
6.438606266409552,5.365976015021851,0.0198822021484375,16,1.7880648374557495,0.00016909686789230683
4.900945304679524,5.375278407684165,0.0198822021484375,8,1.7880648374557495,6.161485720762687
3.0928691153378,5.384495062789089,0.0198822021484375,4,1.7880648374557495,11.548120128319963
3.8863725551010226,2.908720896564361,0.0198822021484375,4,1.7880648374557495,14.001512344420089
4.0683599283032885,5.3981627015177525,0.0198822021484375,8,1.7880648374557495,0.00020488439788241003
6.5884268017526475,5.407171771460119,0.0198822021484375,16,1.7880648374557495,1.2703355953073474
7.84527434202705,3.8066624897703196,0.022491455078125,16,1.655746908748851,0.036220928899422085
5.128184177785888,3.8110970868381857,0.022491455078125,8,1.655746908748851,8.366111348299862
5.239432182602538,5.424950017481403,0.022491455078125,8,1.655746908748851,0.027437440127331028
2.5073293753030708,2.8687726460927028,0.022491455078125,4,1.655746908748851,55.18265284628041
6.882671099856743,5.438079308923196,0.022491455078125,16,1.655746908748851,0.10536563769839974
2.7543495281452275,5.44673737166631,0.022491455078125,4,1.655746908748851,19.9333932911557
3.0936499389021357,4.356708826689592,0.022491455078125,4,1.655746908748851,1.6564581182599964
4.226965310927783,4.7664383335842135,0.022491455078125,8,1.655746908748851,2.694812095521404
2.535148850929529,3.672072335797555,0.022491455078125,4,1.655746908748851,35.43029255767415
1.350630438474154,5.4680601411351315,0.022491455078125,2,1.655746908748851,0.0677669626615549
5.739044640201518,5.476463551931511,0.022491455078125,8,1.655746908748851,2.4274604828508104
2.888102315861593,3.6930374642626003,0.022491455078125,4,1.655746908748851,15.097822259077237
1.5579896349174192,2.9239883686951496,0.022491455078125,2,1.655746908748851,61.44354861282848
4.652966824041528,5.493061443340548,0.022491455078125,8,1.655746908748851,0.7991172424569772
2.327821463586794,2.9363088530831902,0.022491455078125,4,1.655746908748851,53.662863235415514
4.190544037088007,5.5053315359323625,0.022491455078125,8,1.655746908748851,0.0009672622637148217
4.103965943710017,4.4148164574968725,0.022491455078125,8,1.655746908748851,22.09608283680373
4.8096390064979655,4.1311585353448175,0.01264190673828125,8,0.7431260470686287,1.7519313191823083
6.219212207285413,5.521460917862246,0.01264190673828125,16,0.7431260470686287,0.33299780193513656
3.8594206264142126,2.890371757896165,0.01264190673828125,4,0.7431260470686287,15.220457264955838
7.224975733223703,5.53338948872752,0.01264190673828125,16,0.7431260470686287,1.5782431688091774
6.52062409537333,5.541263545158426,0.01264190673828125,16,0.7431260470686287,1.5658829913949315
2.7025047238041418,4.855928904335275,0.01264190673828125,4,0.7431260470686287,16.134311879284656
2.0267282901495123,2.913902255306359,0.01264190673828125,4,0.7431260470686287,54.30884729235525
5.863185348476809,5.556828061699537,0.01264190673828125,8,0.7431260470686287,0.005455081862342176
2.9028380923660455,5.564520407322694,0.01264190673828125,4,0.7431260470686287,12.295486105907989
2.0450051653411627,4.185859671057874,0.01264190673828125,4,0.7431260470686287,49.21209277384001
5.552602388654486,5.575949103146316,0.01264190673828125,8,0.7431260470686287,0.3905130050464198
0.6613730607518311,5.583496308781699,0.01264190673828125,2,0.7431260470686287,85.55919722025467
0.8001179128624505,5.5909869805108565,0.01264190673828125,2,0.7431260470686287,86.30125483090244
2.7154136889116662,3.6525118099430616,0.01264190673828125,4,0.7431260470686287,8.21548382595274
1.5486085181504439,5.602118820879701,0.01264190673828125,2,0.7431260470686287,0.0964603870075071
1.974183328449073,4.916324614625014,0.01264190673828125,2,0.7431260470686287,71.6853549719328
2.9858598731534567,2.9740707767728116,0.01264190673828125,4,0.7431260470686287,22.838169182799888
3.8036862548462747,4.923623917106626,0.01264190673828125,4,0.7431260470686287,6.7674309032846045
3.669081299889532,4.927253685157205,0.01264190673828125,4,0.7431260470686287,0.20529296680947584
4.374467575655579,4.237723145067448,0.01264190673828125,8,0.7431260470686287,20.677875010366677
5.428974313304252,5.627621113690637,0.01264190673828125,8,0.7431260470686287,0.21368108478350342
2.6042918801452015,2.9267394020670396,0.01264190673828125,4,0.7431260470686287,42.11890521669622
3.9268471251085817,4.945207488773801,0.01264190673828125,4,0.7431260470686287,0.29847389608132646
0.998191281670985,4.543294782270004,0.01264190673828125,2,0.7431260470686287,85.89704864405381
3.102048489185153,4.036008985209137,0.01264190673828125,4,0.7431260470686287,2.6920365088540956
3.6045338859021085,5.648974238161206,0.01264190673828125,4,0.7431260470686287,0.3270813632882041
2.1459744223464146,5.655991810819852,0.01264190673828125,4,0.7431260470686287,21.5869968582417
2.159468363873166,2.9549102790337356,0.01264190673828125,4,0.7431260470686287,31.053804243655946
3.735277755335824,4.056988775678332,0.01264190673828125,4,0.7431260470686287,0.023715752668434724
4.8096390064979655,3.8781214537524646,0.012054443359375,8,0.9326083319527763,1.7519313191823083
6.219212207285413,4.980176086611547,0.012054443359375,16,0.9326083319527763,0.33299780193513656
3.8594206264142126,2.9687036011660717,0.012054443359375,4,0.9326083319527763,15.220457264955838
7.224975733223703,5.680172609017068,0.012054443359375,16,0.9326083319527763,1.278100268104719
0.6603950535044347,4.58836306767171,0.012054443359375,2,0.9326083319527763,88.04965611836555
5.199561963689696,5.69035945432406,0.012054443359375,8,0.9326083319527763,0.5672153616781689
2.2306325188566767,4.087655574071304,0.012054443359375,4,0.9326083319527763,35.55565908702694
5.9251191875677325,5.700443573390687,0.012054443359375,8,0.9326083319527763,2.5406930411811004
0.06888425677861429,5.707110264748875,0.012054443359375,2,0.9326083319527763,99.1366636728925
0.9202031923738047,2.941144083269588,0.012054443359375,2,0.9326083319527763,6.37731701555133
5.289477784892233,5.717027701406222,0.012054443359375,8,0.9326083319527763,2.8528093329147384e-06
6.360201737476032,4.33729074083249,0.012054443359375,16,0.9326083319527763,0.2351284722373002
3.9805362143325143,5.033700567027251,0.012054443359375,4,0.9326083319527763,0.04477664924749092
3.283367810597828,5.730099782973574,0.012054443359375,4,0.9326083319527763,4.975118326943828
1.6058734570384383,5.043425116919247,0.012054443359375,2,0.9326083319527763,28.58548140538107
2.448736455614209,2.967204189939453,0.012054443359375,4,0.9326083319527763,37.245578696455496
3.7594548314061926,4.6443908991413725,0.012054443359375,4,0.9326083319527763,17.92882471701808
6.348628465558959,4.136765278106053,0.012054443359375,16,0.9326083319527763,15.120011696934624
4.475196005330812,5.749392985908253,0.012054443359375,8,0.9326083319527763,0.6076675824359122
4.56199386297223,5.755742213586912,0.012054443359375,8,0.9326083319527763,3.1506620660803675
1.9183793945541179,3.970291913552122,0.012054443359375,2,0.9326083319527763,59.56168292853743
1.1144295840952463,2.9319777587286286,0.012054443359375,2,0.9326083319527763,79.92710695239418
3.2181056521822846,5.768320995793772,0.012054443359375,4,0.9326083319527763,0.15346676317670574
3.4252486234963255,5.081404364984463,0.012054443359375,4,0.9326083319527763,1.519088506146473
2.0318020382539066,4.391357962102766,0.012054443359375,4,0.9326083319527763,42.03341068242414
0.7439346316541608,5.780743515792329,0.012054443359375,2,0.9326083319527763,5.329825418232218
2.3818845832324644,2.9536840373104916,0.012054443359375,4,0.9326083319527763,25.384290498982665
3.6428665897558963,3.84405002184194,0.012054443359375,4,0.9326083319527763,0.012051794837011113
8.433025931810139,4.001254139156089,0.0130157470703125,16,0.8430194854736328,0.011287546779194925
6.34228531931409,5.1029105702054265,0.0130157470703125,16,0.8430194854736328,0.01005867486093041
4.858567599190868,5.10594547390058,0.0130157470703125,8,0.8430194854736328,0.13226735318035512
2.058984619536109,3.8562082263217494,0.0130157470703125,4,0.8430194854736328,42.619037668163195
2.494456508058205,2.9147632110203237,0.0130157470703125,4,0.8430194854736328,55.846398980362096
6.352844129056459,5.1149953094204985,0.0130157470703125,16,0.8430194854736328,0.2182059134742913
5.777574487764647,4.712528704308591,0.0130157470703125,8,0.8430194854736328,0.03893181196877817
2.6399744823433364,4.204692619390966,0.0130157470703125,4,0.8430194854736328,37.73629945098138
4.143917843677088,5.123963979403259,0.0130157470703125,8,0.8430194854736328,17.23935596168617
3.173186220189266,2.929711172456197,0.0130157470703125,4,0.8430194854736328,15.876228637898206
3.9775197486257365,4.724433606814909,0.0130157470703125,4,0.8430194854736328,0.11356033565973143
5.9800914284521625,5.1328529268205045,0.0130157470703125,8,0.8430194854736328,9.842211041540937
6.26396751103499,4.7303333289420975,0.0130157470703125,16,0.8430194854736328,0.7382822889867877
2.3258918148796597,2.8874434981170762,0.0130157470703125,4,0.8430194854736328,37.900465155565044
4.701462864086371,5.14166355650266,0.0130157470703125,8,0.8430194854736328,0.13815242653728632
1.9172968326415365,4.045970977937885,0.0130157470703125,2,0.8430194854736328,64.63549395786167
5.557490157540721,5.840641657373398,0.0130157470703125,8,0.8430194854736328,0.1787070289159482
1.760561848776085,5.846438775057725,0.0130157470703125,2,0.8430194854736328,26.420227121728402
1.510365573353252,4.7535901911063645,0.0130157470703125,2,0.8430194854736328,31.272117999264122
3.239394018224148,5.855071922202427,0.0130157470703125,4,0.8430194854736328,1.0782259208741707
0.791360769206869,2.865053949911875,0.0130157470703125,2,0.8430194854736328,86.45474459686746
5.281168011952051,4.765018886929988,0.0130157470703125,8,0.8430194854736328,15.05406914293919
2.887387189994802,4.480173695813406,0.0130157470703125,4,0.8430194854736328,0.93479788752305
2.405523598066135,2.924857933967334,0.0130157470703125,4,0.8430194854736328,43.706842785034844
3.69988967441431,3.7926762477955798,0.0130157470703125,4,0.8430194854736328,0.060264721100230484
7.629018458063381,4.77631844218392,0.0118255615234375,16,0.7684548695882162,0.09138899325398628
6.561208658178909,4.491441420659749,0.0118255615234375,16,0.7684548695882162,0.4838033342178653
3.7205367857596627,2.8360105486772773,0.0118255615234375,4,0.7684548695882162,27.124633097804274
7.921746430148603,4.7847100998201695,0.0118255615234375,16,0.7684548695882162,0.09470480380765638
2.347883314679467,3.9401938823948424,0.0118255615234375,4,0.7684548695882162,52.89923410023373
5.521631430370386,5.195730777772936,0.0118255615234375,8,0.7684548695882162,0.12345053443734683
2.955087408899715,5.198497031265826,0.0118255615234375,4,0.7684548695882162,35.53492886651625
1.3021049936696678,4.5081084731449605,0.0118255615234375,2,0.7684548695882162,63.16323190669563
3.2668448092085973,5.204006687076795,0.0118255615234375,4,0.7684548695882162,0.3028666992424874
1.320492322582427,2.808854900224176,0.0118255615234375,2,0.7684548695882162,70.71206174519207
6.124495584233324,4.516338972281476,0.0118255615234375,16,0.7684548695882162,2.417827810536397
3.3061494902352773,4.29592393562047,0.0118255615234375,4,0.7684548695882162,0.6180443109526325
3.241920059606035,2.91235066461494,0.0118255615234375,4,0.7684548695882162,26.956527499230017
3.8991359185484766,4.524502282920636,0.0118255615234375,4,0.7684548695882162,9.427893464567951
4.190360776314257,4.527208644518379,0.0118255615234375,8,0.7684548695882162,32.55635546648241
5.060175180839586,5.916202062607435,0.0118255615234375,8,0.7684548695882162,0.00668861124843187
1.9337958294189876,3.1489896974040343,0.0118255615234375,2,0.7684548695882162,11.00733281030691
5.874123837285259,5.924255797414532,0.0118255615234375,8,0.7684548695882162,1.7543073960846953
6.100082418713633,5.929589143389895,0.0118255615234375,16,0.7684548695882162,1.671709528854711
4.363200259521047,3.855452653939752,0.0118255615234375,8,0.7684548695882162,0.731912893723595
3.8645756891893344,5.937536205082426,0.0118255615234375,4,0.7684548695882162,1.4652921097678717
5.7951597926027745,5.942799375126701,0.0118255615234375,8,0.7684548695882162,0.0007223928186085067
5.421661633412192,5.948034989180646,0.0118255615234375,8,0.7684548695882162,0.39297125909091185
4.540714565987198,4.854631045619675,0.0118255615234375,8,0.7684548695882162,4.167734576070363
1.85618838334686,5.955837369464831,0.0118255615234375,2,0.7684548695882162,1.2361801785973836
0.06597768608316064,3.8815637979434374,0.0118255615234375,2,0.7684548695882162,99.26135039810673
1.4748469483266846,5.963579343618447,0.0118255615234375,2,0.7684548695882162,11.86418670178056
1.280127631418473,2.924185122261943,0.0118255615234375,2,0.7684548695882162,73.79938390630228
3.684979987879624,2.835767623861313,0.0118255615234375,4,0.7684548695882162,0.008355535760276873
4.62128573413563,5.280662431309316,0.0118255615234375,8,0.7684548695882162,41.38487045926585
7.617263668119482,4.366912996863833,0.016021728515625,16,0.9368606235670007,0.09025411826799871
6.55839323680553,5.285738584341177,0.016021728515625,16,0.9368606235670007,0.01810034117850443
2.9845974159691933,3.1482008671982644,0.016021728515625,4,0.9368606235670007,20.587176415919583
7.021159442361818,5.290789100127245,0.016021728515625,16,0.9368606235670007,0.6471862369917127
5.783010560383273,5.293304824724492,0.016021728515625,8,0.9368606235670007,1.352389305873937
5.638103116162071,3.791736839553644,0.016021728515625,8,0.9368606235670007,2.513433881432679
0.6582538192673041,5.298317366548036,0.016021728515625,2,0.9368606235670007,0.1135963462358568
6.07728398524277,5.300814246746624,0.016021728515625,16,0.9368606235670007,0.00100868357958217
4.816624937225329,4.897839799950911,0.016021728515625,8,0.9368606235670007,1.4108077220702673
4.729254953285833,4.612642200826793,0.016021728515625,8,0.9368606235670007,3.110216927632493
1.9805392964289252,5.308267697401205,0.016021728515625,2,0.9368606235670007,3.521805598140193
0.05822562648644124,3.8066624897703196,0.016021728515625,2,0.9368606235670007,99.36605832121145
2.119743509764501,5.313205979041787,0.016021728515625,4,0.9368606235670007,35.10795726592198
1.6356557646562822,2.917770732084279,0.016021728515625,2,0.9368606235670007,62.44520575475846
4.026258891184918,4.624972813284271,0.016021728515625,8,0.9368606235670007,7.378397838838052
3.653244634796269,4.627420794922911,0.016021728515625,4,0.9368606235670007,50.71759482344733
4.642389566175461,4.2243976904702984,0.016021728515625,8,0.9368606235670007,0.8404670421348861
5.527342566688029,6.018593214496234,0.016021728515625,8,0.9368606235670007,0.12399823037873257
2.9332126321712377,3.7208624999669873,0.016021728515625,4,0.9368606235670007,33.625345356275346
5.52651218061342,6.025865973825314,0.016021728515625,8,0.9368606235670007,2.765320259715391
3.045037739448709,6.030685260261263,0.016021728515625,4,0.9368606235670007,5.861400848570689
2.7589116222970818,2.8999872165956067,0.016021728515625,4,0.9368606235670007,30.579370884327457
4.256989954285333,3.8406463425859183,0.016021728515625,8,0.9368606235670007,0.005169051630097992
7.83689450147979,6.040254711277414,0.01568603515625,16,1.1562057163404382,0.1250631645342741
4.0280212371493205,4.253245844807957,0.01568603515625,8,1.1562057163404382,5.49998164763499
5.843713635649593,5.354224998486333,0.01568603515625,8,1.1562057163404382,0.03520177597515797
4.056839493850246,6.049733455231958,0.01568603515625,8,1.1562057163404382,0.0046351954823364745
4.105759982380083,6.05443934626937,0.01568603515625,8,1.1562057163404382,12.362991357623
0.12221354213480634,6.059123195581797,0.01568603515625,2,1.1562057163404382,98.18977553108991
3.721362042845061,6.063785208687608,0.01568603515625,4,1.1562057163404382,0.03945063165248115
2.3142524737179793,4.122515439188797,0.01568603515625,4,1.1562057163404382,14.060692344812573
2.094097110634814,3.180365970106325,0.01568603515625,4,1.1562057163404382,16.104201199049367
4.982371249583585,6.073044534100405,0.01568603515625,8,1.1562057163404382,4.289198525140516
3.312528829008486,2.8995884130010885,0.01568603515625,4,1.1562057163404382,19.977689016309615
4.287218291812185,6.07993319509559,0.01568603515625,8,1.1562057163404382,6.548512552310097
5.7546406295339425,4.292739943847116,0.01568603515625,8,1.1562057163404382,3.7039139414991435
4.492123222572149,3.6888794541139363,0.01568603515625,8,1.1562057163404382,2.4670052352973535
1.5437814328078276,5.395897694886901,0.01568603515625,2,1.1562057163404382,1.530811710076949
2.7607999744002893,6.091309882077698,0.01568603515625,4,1.1562057163404382,11.353040114808625
3.594212068636207,6.095824562432225,0.01568603515625,4,1.1562057163404382,0.009589386572710284
3.6029567862792975,5.001706663351954,0.01568603515625,4,1.1562057163404382,16.84471915062421
1.7316120052948882,3.1581196154471285,0.01568603515625,2,1.1562057163404382,46.063137779358605
4.289052760353473,6.104793232414985,0.01568603515625,8,1.1562057163404382,0.09240927574838034
2.880983761232989,2.890371757896165,0.01568603515625,4,1.1562057163404382,0.3845965609746785
4.877099355988874,2.933413509154733,0.01568603515625,8,1.1562057163404382,0.15614931023960943
5.6860132820892835,5.015069891164122,0.01568603515625,8,1.1562057163404382,0.030417074987077162
7.240428847727834,5.422744944923089,0.01360321044921875,16,1.134634017944336,0.7117108117849049
5.5294855724090946,5.424950017481403,0.01360321044921875,8,1.134634017944336,9.95192511855469
6.166844896663186,6.12029741895095,0.01360321044921875,16,1.134634017944336,0.054061240079678205
4.326514314843314,6.124683390894205,0.01360321044921875,8,1.134634017944336,0.07739325109351668
3.9977755916214717,3.133317936506554,0.01360321044921875,4,1.134634017944336,7.775973172783718
6.977490917810941,6.131226489483141,0.01360321044921875,16,1.134634017944336,0.8120374040757713
3.9315920519464282,5.0369526024136295,0.01360321044921875,4,1.134634017944336,1.6665938904321147
0.7914640532594012,3.6528204042982337,0.01360321044921875,2,1.134634017944336,85.96074066026256
0.1797988151834589,6.139884552226255,0.01360321044921875,2,1.134634017944336,0.002831210406802862
4.837904406444334,4.06474409244581,0.01360321044921875,8,1.134634017944336,2.5545077612570237
2.77158166367747,3.1018068199454745,0.01360321044921875,4,1.134634017944336,45.76406679170898
4.308470313446789,6.148468295917646,0.01360321044921875,8,1.134634017944336,0.09095638143230343
2.377701150728066,3.5877833372425676,0.01360321044921875,4,1.134634017944336,0.8508562536418632
5.415050311455258,6.154858094016418,0.01360321044921875,8,1.134634017944336,0.0006928125005148581
3.6075483397652093,6.159095388491933,0.01360321044921875,4,1.134634017944336,0.6531830347829688
2.4521013845923423,6.163314804034641,0.01360321044921875,4,1.134634017944336,0.5482051348164312
3.7887685545956984,6.1675164908883415,0.01360321044921875,4,1.134634017944336,0.0005909226005949935
4.344405984367186,3.8691155044168695,0.01360321044921875,8,1.134634017944336,6.014966431423276
3.56345009401156,2.9549102790337356,0.01360321044921875,4,1.134634017944336,25.911582361951375
4.532644194349383,4.78957290898587,0.01360321044921875,8,1.134634017944336,0.2329677919109368
3.1237052406889703,2.919847576029118,0.01360321044921875,4,1.134634017944336,38.454801424548144
4.5199397381840996,2.9219201156310906,0.01360321044921875,8,1.134634017944336,0.07019192877485264
6.168221533429733,4.236174757661319,0.01360321044921875,16,1.134634017944336,1.1819133243494035
7.83689450147979,6.184148890937483,0.014801025390625,16,1.0669926802317302,0.06412601782933701
4.606620853677749,4.242353974027276,0.014801025390625,8,1.0669926802317302,6.620077632495433
5.30690976914256,4.580877493419047,0.014801025390625,8,1.0669926802317302,0.029377151694170427
2.995570465467888,6.192362489474872,0.014801025390625,4,1.0669926802317302,9.054894873053017
1.9252011447305226,3.1054016744362047,0.014801025390625,2,1.0669926802317302,39.15849585343742
4.32559365667278,6.198478716492308,0.014801025390625,8,1.0669926802317302,21.524923489131954
3.3590263588873097,4.005310939851703,0.014801025390625,4,1.0669926802317302,9.841047765469204
2.1872639660017263,3.0690635466395406,0.014801025390625,4,1.0669926802317302,41.08120348253251
5.9436388665798265,6.206575926724928,0.014801025390625,8,1.0669926802317302,0.06452370142157636
1.3893143233429424,6.210600077024653,0.014801025390625,2,1.0669926802317302,55.58872700805962
0.7083568353378349,6.214608098422191,0.014801025390625,2,1.0669926802317302,90.88807555852576
2.6930025380798894,4.832305758571839,0.014801025390625,4,1.0669926802317302,1.1057225706410778
3.5225460411661706,6.220590170099739,0.014801025390625,4,1.0669926802317302,0.9734207071384732
2.7935329157582895,2.9287215632710306,0.014801025390625,4,1.0669926802317302,10.683143468482982
3.7660668364857184,5.53338948872752,0.014801025390625,4,1.0669926802317302,20.560381074211872
4.004698125386447,6.2285110035911835,0.014801025390625,8,1.0669926802317302,0.0020143245794103037
5.760663502283066,6.2324480165505225,0.014801025390625,8,1.0669926802317302,0.3020368720567676
3.955369919453085,3.8384743174053337,0.014801025390625,4,1.0669926802317302,17.04785272939791
2.4801075330745546,6.238324625039508,0.014801025390625,4,1.0669926802317302,0.003968314269667475
2.911025389265503,6.2422232654551655,0.014801025390625,4,1.0669926802317302,0.38016375124945384
2.0751348192515926,6.246106765481563,0.014801025390625,4,1.0669926802317302,23.122720890361023
4.774905259550804,6.249975242259483,0.014801025390625,8,1.0669926802317302,4.386517853625316
2.235703722519606,2.921624301400269,0.014801025390625,4,1.0669926802317302,48.89565428585683
4.1814734174549635,5.5626028611934215,0.014801025390625,8,1.0669926802317302,0.03684672071017785
7.9020148188944015,6.257667587882639,0.0270233154296875,16,1.4724890391031902,0.29872662362932945
2.0393728175892476,4.4697322150929875,0.0270233154296875,4,1.4724890391031902,76.76981134015422
6.616580067924122,6.263398262591624,0.0270233154296875,16,1.4724890391031902,0.0007203681294123285
1.8115862660153266,6.267200548541362,0.0270233154296875,2,1.4724890391031902,70.5997862733547
0.032850867036211207,6.270988431858299,0.0270233154296875,2,1.4724890391031902,99.66083113502299
5.782447378416542,6.274762021241939,0.0270233154296875,8,1.4724890391031902,0.10495162724696078
4.054991978032687,5.585374243605899,0.0270233154296875,8,1.4724890391031902,0.25004849020680897
2.209036290778328,3.1023420086122493,0.0270233154296875,4,1.4724890391031902,28.539457522531052
6.314505425637124,6.282266746896006,0.0270233154296875,16,1.4724890391031902,2.0411161016499477
3.4642217678269027,6.285998094508865,0.0270233154296875,4,1.4724890391031902,1.311664674439082
3.251003510741104,3.0708397460407966,0.0270233154296875,4,1.4724890391031902,36.946697466342556
5.293493818792905,6.29156913955832,0.0270233154296875,8,1.4724890391031902,0.615418533656326
0.6700259250997525,6.295266001439646,0.0270233154296875,2,1.4724890391031902,11.490194072119497
2.971703909424994,2.9316534168694686,0.0270233154296875,4,1.4724890391031902,29.51522268909707
4.495733100191781,6.300785794663244,0.0270233154296875,8,1.4724890391031902,0.006488937763535419
7.9020148188944015,5.611301621862036,0.01029205322265625,16,0.7676026400397805,0.29872662362932945
2.0393728175892476,4.360365137892702,0.01029205322265625,4,0.7676026400397805,76.76981134015422
6.616580067924122,5.614951260949585,0.01029205322265625,16,0.7676026400397805,0.0007203681294123285
1.8115862660153266,5.616771097666572,0.01029205322265625,2,0.7676026400397805,70.5997862733547
0.032672225650278774,5.6185876285929695,0.01029205322265625,2,0.7676026400397805,99.6627090278406
5.776642778988242,5.62040086571715,0.01029205322265625,8,0.7676026400397805,0.10534621569767459
4.057904096894529,5.216745712854225,0.01029205322265625,8,0.7676026400397805,0.24969528662325416
2.212879798246981,3.059068148725802,0.01029205322265625,4,0.7676026400397805,28.5169611612557
6.3148542506726235,5.625820933186489,0.01029205322265625,16,0.7676026400397805,2.042214099261405
3.4508255996750083,5.627621113690637,0.01029205322265625,4,0.7676026400397805,1.3019250346331952
3.2356222215956745,3.026728373922955,0.01029205322265625,4,0.7676026400397805,37.08403560284024
5.2883443617432935,5.631211781821365,0.01029205322265625,8,0.7676026400397805,0.6164717012863997
0.670797834846321,5.633002292595154,0.01029205322265625,2,0.7676026400397805,11.488927729191529
2.979316412065163,2.9267394020670396,0.01029205322265625,4,0.7676026400397805,29.29523028071874
4.490787107112873,6.329720905522696,0.01029205322265625,8,0.7676026400397805,8.09942273052235
5.177289777557435,6.333279628139691,0.01029205322265625,8,0.7676026400397805,0.41445662690972424
4.244361745615739,5.643678550586496,0.01029205322265625,8,0.7676026400397805,5.38380252575008
3.099306561030744,6.338594078203183,0.01029205322265625,4,0.7676026400397805,0.06732969779800288
2.13614303205828,5.648974238161206,0.01029205322265625,4,0.7676026400397805,33.082800346041616
5.673408871871311,4.397970285071017,0.01029205322265625,8,0.7676026400397805,2.1526077645829904
5.486793210873005,6.345636360828596,0.01029205322265625,8,0.7676026400397805,1.208389436703527
3.8818184304630177,6.349138991379798,0.01029205322265625,4,0.7676026400397805,1.122801148646751
3.116373401988975,3.713572066704308,0.01029205322265625,4,0.7676026400397805,17.457375118177808
4.509571163652559,6.354370040797351,0.01029205322265625,8,0.7676026400397805,0.054657260741544415
4.475694197873153,5.664695085948154,0.01029205322265625,8,0.7676026400397805,0.15278482390136688
2.602681095770798,6.359573868672378,0.01029205322265625,4,0.7676026400397805,0.0005242884651751115
2.0824515255620053,5.264415814872355,0.01029205322265625,4,0.7676026400397805,9.405533042702471
0.2526313089831221,5.266138468183802,0.01029205322265625,2,0.7676026400397805,97.35886080560793
0.02365962819230687,5.267858159063328,0.01029205322265625,2,0.7676026400397805,99.71874006169564
5.618565860927093,6.368187186350492,0.01029205322265625,8,0.7676026400397805,0.18319673542233908
2.4771755878850437,6.371611847231857,0.01029205322265625,4,0.7676026400397805,9.527732573474399
1.7663821315500017,2.94103761534295,0.01029205322265625,2,0.7676026400397805,59.3063761853934
4.45602134765401,5.683579767338681,0.01029205322265625,8,0.7676026400397805,0.0023029947749016247
5.228420873144071,6.3784261836515865,0.01029205322265625,8,0.7676026400397805,1.1432109733699456
4.642182160925884,5.688668836846153,0.01024627685546875,8,0.9723424911499023,0.1694728011710911
6.020486877554,5.284894346215896,0.01024627685546875,16,0.9723424911499023,1.370507377244803
5.400956374816339,5.69204721843778,0.01024627685546875,8,0.9723424911499023,0.0044277460763783565
4.351350020565712,5.288267030694535,0.01024627685546875,8,0.9723424911499023,7.416226905120818
5.7998803870077555,4.309119863865794,0.01024627685546875,8,0.9723424911499023,2.6919444593553177
5.323116601975157,5.697093486505405,0.01024627685546875,8,0.9723424911499023,0.2192095802737284
3.6978820748594354,5.698769932832657,0.01024627685546875,4,0.9723424911499023,0.03699217267971443
3.6748505374547644,3.6855405528484217,0.01024627685546875,4,0.9723424911499023,10.997896589575292
6.003824707599689,5.702114417555504,0.01024627685546875,16,0.9723424911499023,0.032911700728691165
4.299941251401803,5.298317366548036,0.01024627685546875,8,0.9723424911499023,0.35075993537439726
3.410477992134739,5.705447753975262,0.01024627685546875,4,0.9723424911499023,0.00442783559239126
5.183828738689024,5.01396308418893,0.01024627685546875,8,0.9723424911499023,0.0010433141809352141
0.8490146297808867,5.015622835607295,0.01024627685546875,2,0.9723424911499023,89.9271207196317
0.005349308639341893,5.017279836814924,0.01024627685546875,2,0.9723424911499023,99.94499482555626
5.113013482659255,5.7120812774708964,0.01024627685546875,8,0.9723424911499023,0.13218911464392508
3.011542330506611,5.713732805509369,0.01024627685546875,4,0.9723424911499023,3.1410699709894185
2.2793619888311145,2.942792888259772,0.01024627685546875,4,0.9723424911499023,49.86801958724843
4.442960852865754,5.717027701406222,0.01024627685546875,8,0.9723424911499023,6.36555066101368
5.096182825278195,5.718671087149952,0.01024627685546875,8,0.9723424911499023,0.30860484550723605
5.219569734503445,6.413458957167357,0.01024627685546875,8,0.9723424911499023,0.249370352850546
3.2881799276379216,5.318119993844216,0.01024627685546875,4,0.9723424911499023,9.542071756817013
3.1741599846394193,3.64577621369643,0.01024627685546875,4,0.9723424911499023,21.015812662905105
5.440408212933532,5.321382639479033,0.01024627685546875,8,0.9723424911499023,16.944967074292535
3.4278557337256075,5.035327906686628,0.01024627685546875,4,0.9723424911499023,8.582008710908834
4.389215477407847,6.423246963533519,0.01024627685546875,8,0.9723424911499023,0.1515560474616776
4.308075225135449,6.42648845745769,0.01024627685546875,8,0.9723424911499023,0.11945548385570756
2.718004971555006,6.429719478039138,0.01024627685546875,4,0.9723424911499023,2.7139445235763756e-06
2.4004721525911563,2.936432531272699,0.01024627685546875,4,0.9723424911499023,5.283317783872723
4.140547691736221,6.434546518787453,0.01024627685546875,8,0.9723424911499023,0.001554043717707979
3.7962450815901483,5.339139361068292,0.01024627685546875,4,0.9723424911499023,26.945238695288097
7.84527434202705,5.746203190540153,0.0105743408203125,16,0.9130585578180128,0.0643190495691412
4.602998395983754,4.361504998953085,0.0105743408203125,8,0.9130585578180128,6.609103373878687
5.307549112467825,6.4425401664681985,0.0105743408203125,8,0.9130585578180128,0.0014069050836715215
3.935541173169711,3.1135153092103742,0.0105743408203125,4,0.9130585578180128,28.604409656827436
4.692651967566825,6.447305862541213,0.0105743408203125,8,0.9130585578180128,1.5366085340636892
3.47095137736194,6.450470422144176,0.0105743408203125,4,0.9130585578180128,0.003137609092171902
2.5216629279189564,4.844187086458591,0.0105743408203125,4,0.9130585578180128,0.9162426239900974
4.880124566229297,4.152613470346076,0.0105743408203125,8,0.9130585578180128,0.44595685329112633
4.718690781515221,5.763622475012218,0.0105743408203125,8,0.9130585578180128,0.7900965261223034
3.202533581177763,3.9734316335567894,0.0105743408203125,4,0.9130585578180128,30.221143977359517
1.3488442263214915,6.459904454377535,0.0105743408203125,2,0.9130585578180128,73.66540325503537
2.7342255109262434,3.6298161128644537,0.0105743408203125,4,0.9130585578180128,3.778316612768251
4.823758316815573,6.464588303689961,0.0105743408203125,8,0.9130585578180128,0.21313962721006072
2.8138902620372996,5.7745515455444085,0.0105743408203125,4,0.9130585578180128,43.43616609678725
3.6206326961931334,6.4692503167957724,0.0105743408203125,4,0.9130585578180128,1.3986307763514112
3.7967191722124802,4.169761201506855,0.0105743408203125,4,0.9130585578180128,1.5357812733437033
2.9477874770060195,5.0875963352323845,0.0105743408203125,4,0.9130585578180128,7.88001211501755
4.911745451406433,5.782285536144145,0.0105743408203125,8,0.9130585578180128,18.33638936210575
1.729697868137902,2.9506118382735216,0.0105743408203125,2,0.9130585578180128,70.06288424408265
4.217653102634859,4.869071729774469,0.0105743408203125,8,0.9130585578180128,13.411576908358281
4.466929881261514,4.400603020246817,0.0105743408203125,8,0.9130585578180128,9.796098267794314
5.108753557243667,5.382964840608321,0.0105743408203125,8,0.9130585578180128,0.0006427007274859974
0.192861187803413,5.384495062789089,0.0105743408203125,2,0.9130585578180128,97.34384611023054
1.673392533289097,4.875197323201151,0.0105743408203125,2,0.9130585578180128,49.295398938620735
4.530325644206918,6.486160788944089,0.0105743408203125,8,0.9130585578180128,0.5687712267154761
2.5088211172621535,6.489204931325317,0.0105743408203125,4,0.9130585578180128,0.11664570835928875
3.122248563881489,6.492239835020471,0.0105743408203125,4,0.9130585578180128,1.965290074850368
4.83165112171366,6.495265555937008,0.0105743408203125,8,0.9130585578180128,2.836249825040687
4.283066369279782,6.498282149476434,0.0105743408203125,8,0.9130585578180128,1.6030876088016128
2.5999977736050006,2.9459416090509754,0.0105743408203125,4,0.9130585578180128,41.96981887672746
3.8662807791094664,4.104894773117253,0.0105743408203125,4,0.9130585578180128,0.022809951778368993
7.84527434202705,4.307063596200426,0.0218048095703125,16,1.5980899333953857,0.036220928899422085
5.128184177785888,4.308559482792009,0.0218048095703125,8,1.5980899333953857,8.366111348299862
5.239432182602538,6.507277712385012,0.0218048095703125,8,1.5980899333953857,0.006883284998369411
3.3909083688189843,4.430816798843313,0.0218048095703125,4,1.5980899333953857,12.168630354737846
3.512611733392943,3.1444494996582537,0.0218048095703125,4,1.5980899333953857,12.856657800491034
6.261079270811541,6.513230110912307,0.0218048095703125,16,1.5980899333953857,3.9445147335165625
3.4249132035149588,2.932674137586854,0.0218048095703125,4,1.5980899333953857,17.844195765985354
4.465718031103731,4.9082333604781745,0.0218048095703125,8,1.5980899333953857,11.949122114346238
4.229022328906298,4.21656219494635,0.0218048095703125,8,1.5980899333953857,26.661084862591878
5.547778956020567,5.827473946998751,0.0218048095703125,8,1.5980899333953857,0.24159250988866846
3.042686161264517,6.522092798170152,0.0218048095703125,4,1.5980899333953857,0.003649075020958179
5.347639807792537,6.525029657843462,0.0218048095703125,8,1.5980899333953857,0.04412942760238937
2.402196424281804,6.52795791762255,0.0218048095703125,4,1.5980899333953857,3.6565481064921266
1.3490434110134881,6.530877627725885,0.0218048095703125,2,1.5980899333953857,73.53748514440139
2.215214831812452,2.922870925289119,0.0218048095703125,4,1.5980899333953857,54.805921964382506
3.826549019045993,4.050334621225658,0.0218048095703125,4,1.5980899333953857,0.07634474475067878
5.533051608564729,6.536691597591305,0.038330078125,8,3.059864044189453,0.02225512942371784
5.436624368577831,6.539585955617669,0.038330078125,8,3.059864044189453,0.0007802961718584062
4.942355592657816,5.849324779946859,0.038330078125,8,3.059864044189453,0.09965907124410099
2.64860404116335,5.850764665004847,0.038330078125,4,3.059864044189453,0.17293347435114084
5.767017593276599,6.54534966033442,0.038330078125,8,3.059864044189453,3.3709560129501366
6.450312576958305,6.548219102762372,0.038330078125,16,3.059864044189453,1.320386210262726
4.1337031943451805,6.551080335043404,0.038330078125,8,3.059864044189453,0.03431633375875596
3.6324322951438344,2.916347244299425,0.038330078125,4,3.059864044189453,19.70376348003886
4.610090505576172,3.259520025806336,0.038330078125,8,3.059864044189453,0.05929820575397716
7.182823616174394,5.863631175598097,0.038330078125,16,3.059864044189453,2.9407277381942527
8.433025931810139,5.459585514144159,0.01207733154296875,16,1.1197236868051381,0.06067822053748209
5.798408757468753,6.559615237493242,0.01207733154296875,8,1.1197236868051381,0.019167746028033866
5.04737956294914,5.869296913133774,0.01207733154296875,8,1.1197236868051381,0.06362329808306763
5.98314557348614,3.2316510163569236,0.01207733154296875,8,1.1197236868051381,5.335330248733321
6.476181514270175,5.872117789475416,0.01207733154296875,16,1.1197236868051381,0.016651916529047187
5.624384831787407,6.566672429803241,0.01207733154296875,8,1.1197236868051381,0.03957879511977275
2.918551850025752,2.9059197742846496,0.01207733154296875,4,1.1197236868051381,30.152971086268444
4.2118760984330885,4.77912349311153,0.01207733154296875,8,1.1197236868051381,8.592844227463784
6.739510356620445,5.473670254025898,0.01207733154296875,16,1.1197236868051381,0.7550291906061368
4.636944795140872,4.175784894162275,0.01207733154296875,8,1.1197236868051381,4.337346641407589
3.1825018895430186,3.2077800106131464,0.01207733154296875,4,1.1197236868051381,58.077318243493835
4.159459897420632,5.883322388488279,0.01207733154296875,8,1.1197236868051381,0.03630346090944947
5.085705218066634,6.577861357721047,0.01207733154296875,8,1.1197236868051381,0.05727491614432929
2.9891670612957397,5.887491956725004,0.01207733154296875,4,1.1197236868051381,25.23858518966407
3.311395940184946,3.180827757230671,0.01207733154296875,4,1.1197236868051381,31.65800081352695
7.029367865857199,4.280824129164719,0.01207733154296875,16,1.1197236868051381,0.4449894681326189
3.4535954119536543,3.694419634489552,0.01207733154296875,4,1.1197236868051381,9.924275008829364
4.604915823809975,4.021222297393138,0.01207733154296875,8,1.1197236868051381,2.3041836519840797
4.882388693928889,6.587550014824796,0.01207733154296875,8,1.1197236868051381,0.07669871962615556
2.1816266263223154,6.590301048196686,0.01207733154296875,4,1.1197236868051381,13.810626356708845
3.907310516407864,5.206750173022546,0.01207733154296875,4,1.1197236868051381,5.97183481951024
3.5084674152551645,5.495801171081669,0.01207733154296875,4,1.1197236868051381,19.64775465140513
2.899689247952394,5.902633333401366,0.01207733154296875,4,1.1197236868051381,27.66877827396737
2.221849706396229,2.908266247772715,0.01207733154296875,4,1.1197236868051381,58.73129904679518
3.8254109719695317,3.1645218241293693,0.01207733154296875,4,1.1197236868051381,0.08632718563552612
5.266494100632914,4.201975226414466,0.01207733154296875,8,1.1197236868051381,19.99879923157738
7.83689450147979,5.502617830060767,0.017486572265625,16,1.1226109095982142,0.012238664674927666
6.222334141299767,6.602587892189336,0.017486572265625,16,1.1226109095982142,0.3570536021341282
6.877687823803898,4.207402648149831,0.017486572265625,16,1.1226109095982142,3.097901519045367
5.38444457596937,5.508037897530106,0.017486572265625,8,1.1226109095982142,0.09611608229560865
4.350082904558979,4.123093975508087,0.017486572265625,8,1.1226109095982142,17.838170794489894
3.665477382064234,3.2081518615052254,0.017486572265625,4,1.1226109095982142,18.352483640083047
6.806759799429321,6.610696044717759,0.017486572265625,16,1.1226109095982142,0.2117912564832135
3.6478806413195333,5.51477192971145,0.017486572265625,4,1.1226109095982142,36.53454349759063
3.8191917209245396,3.1807383957186146,0.017486572265625,4,1.1226109095982142,42.10354516443041
6.2287443295528195,5.229770824012927,0.017486572265625,16,1.1226109095982142,9.621369742442518
5.157028170579453,6.617402977974478,0.017486572265625,8,1.1226109095982142,0.03785309855497314
0.34458361063765214,6.620073206530356,0.017486572265625,2,1.1226109095982142,95.91844881498592
3.719090687581514,5.929589143389895,0.017486572265625,4,1.1226109095982142,4.986029638323075
0.43513610560707505,5.5254529391317835,0.017486572265625,2,1.1226109095982142,91.8044773580809
2.5301612520498598,6.625392368007956,0.017486572265625,4,1.1226109095982142,20.31349766269285
2.078852617139079,2.9144693094752254,0.017486572265625,4,1.1226109095982142,37.26417433698795
3.771916579294923,5.019925341003348,0.017486572265625,4,1.1226109095982142,0.012190608731159874
5.4304850506366895,6.630683385642372,0.017486572265625,8,1.1226109095982142,0.04596644492674086
4.0238244371630305,4.553876891600541,0.017486572265625,8,1.1226109095982142,25.7793643864206
2.4840752948197173,5.248338996741795,0.017486572265625,4,1.1226109095982142,43.93406501469273
3.34402182363262,6.635946555686647,0.017486572265625,4,1.1226109095982142,0.007583614290234463
7.92726058580816,4.846808319938465,0.0086822509765625,16,0.5989719081569362,0.012502198576429488
6.221860778256074,5.94672865326659,0.0086822509765625,16,0.5989719081569362,0.35514028860444047
6.8795076191588755,4.156275519952591,0.0086822509765625,16,0.5989719081569362,3.1067726658964614
5.38757444741552,5.256192440247365,0.0086822509765625,8,0.5989719081569362,0.09646879876676526
4.337468446207462,4.078840375686135,0.0086822509765625,8,0.5989719081569362,18.018199658627214
3.6603420485164397,3.1793550667059174,0.0086822509765625,4,0.5989719081569362,18.336141281766764
6.816105709044244,5.953243334287785,0.0086822509765625,16,0.5989719081569362,0.21140171348809694
3.6466531159802833,5.261394012443439,0.0086822509765625,4,0.5989719081569362,36.64196866031795
3.813967307154794,3.152476988558296,0.0086822509765625,4,0.5989719081569362,42.222728044799766
6.234569202522266,4.704368899532109,0.0086822509765625,16,0.5989719081569362,9.615388239421492
5.162598985149058,5.958424693029782,0.0086822509765625,8,0.5989719081569362,0.03861284282582415
0.34602162695292993,5.959715848793402,0.0086822509765625,2,0.5989719081569362,95.90215855674664
3.7181688697480744,5.555540231515109,0.0086822509765625,4,0.5989719081569362,4.966553595775921
0.43242964624988656,5.046002437933547,0.0086822509765625,2,0.5989719081569362,91.85721205184252
2.526985841989954,5.963579343618447,0.0086822509765625,4,0.5989719081569362,20.33667869526273
2.0664058791004876,2.92034142758738,0.0086822509765625,4,0.5989719081569362,37.84376720414603
3.7675106081781036,6.659293919683638,0.0086822509765625,4,0.5989719081569362,4.261930369188906
4.517820407902186,5.968707559985366,0.0086822509765625,8,0.5989719081569362,0.03288591728086111
3.659262943469238,4.465908118654584,0.0086822509765625,4,0.5989719081569362,20.356760959259358
1.5518796961706358,4.872649551122353,0.0086822509765625,2,0.5989719081569362,52.494743834079586
3.337379974947549,5.972536537222463,0.0086822509765625,4,0.5989719081569362,0.0066144437758456735
3.505968127811436,5.280662431309316,0.0086822509765625,4,0.5989719081569362,1.7550812491073389
5.78036877689731,4.471003671081184,0.0086822509765625,8,0.5989719081569362,0.11543483251368722
5.343011773072323,6.669498089857879,0.0086822509765625,8,0.5989719081569362,0.0019077439371438796
0.3007660629345841,6.672032945461067,0.0086822509765625,2,0.5989719081569362,94.21866130047272
1.437655288832328,4.035504062199167,0.0086822509765625,2,0.5989719081569362,67.81356382927662
2.7484509707229714,4.373238128640803,0.0086822509765625,4,0.5989719081569362,12.189730971357193
3.2307868813708724,3.7326444820806954,0.0086822509765625,4,0.5989719081569362,4.656996419523295
5.654654786452537,5.579729825986222,0.0086822509765625,8,0.5989719081569362,0.9611535075245191
2.3993366311051076,6.679599185844383,0.0086822509765625,4,0.5989719081569362,0.11305130629009515
1.2012741891600447,4.117159239988272,0.0086822509765625,2,0.5989719081569362,85.3726221011032
5.577052902106869,6.683360945766275,0.0086822509765625,8,0.5989719081569362,0.02741998387873177
4.4537366897727395,5.992713766508414,0.0086822509765625,8,0.5989719081569362,0.03661893536532718
3.6271223243640875,4.289213335068144,0.0086822509765625,4,0.5989719081569362,15.987326656167033
1.420757608198807,5.078916801512661,0.0086822509765625,2,0.5989719081569362,1.153321451665042
2.5494061926814773,2.928399153485404,0.0086822509765625,4,0.5989719081569362,41.95076341724635
3.820294383001413,5.592229988750454,0.0086822509765625,4,0.5989719081569362,0.0007580275220417845
7.9020148188944015,6.692083742506628,0.028167724609375,16,1.6231536865234375,0.0008896942655904213
5.1224349222115695,6.694562058521095,0.028167724609375,8,1.6231536865234375,1.385804828833407
4.2445230694478795,3.9889840465642745,0.028167724609375,8,1.6231536865234375,6.454471420926526
3.739567369610523,6.005120873555468,0.028167724609375,4,1.6231536865234375,0.06609770583300047
5.582175046716961,5.313205979041787,0.028167724609375,8,1.6231536865234375,0.18738942429910163
1.3017398455266695,6.70073110954781,0.028167724609375,2,1.6231536865234375,0.25452031476983283
3.8868799590580707,4.400603020246817,0.028167724609375,4,1.6231536865234375,0.034798402401965446
5.662230304677003,6.704414354964107,0.028167724609375,8,1.6231536865234375,0.8277161039723672
4.53663745714808,5.6082500479346375,0.028167724609375,8,1.6231536865234375,0.16269010837158554
5.037397896002586,6.70808408385307,0.028167724609375,8,1.6231536865234375,0.0017734253263660092
2.1136493369655813,6.710523109452429,0.028167724609375,4,1.6231536865234375,65.47437793317494
3.256675815111353,2.9287665667588088,0.028167724609375,4,1.6231536865234375,37.707143673099964
4.085578972810417,5.1047326174753715,0.028167724609375,8,1.6231536865234375,0.002349471435609885
7.84527434202705,6.715383386334681,0.0239105224609375,16,1.7543435096740723,0.08130689710232102
5.819791357844053,4.520580117687472,0.0239105224609375,8,1.7543435096740723,5.226970208148587
5.14543777053718,3.7232808808312687,0.0239105224609375,8,1.7543435096740723,1.6299202583110386
2.7419906561812137,6.720220155135295,0.0239105224609375,4,1.7543435096740723,3.025458363225598
5.873035652251939,5.113191882421348,0.0239105224609375,8,1.7543435096740723,8.452009616845624
6.085485771511957,5.625220152153099,0.0239105224609375,16,1.7543435096740723,2.2667551726415085
3.1718070719658615,6.725033642166843,0.0239105224609375,4,1.7543435096740723,0.29311218367810055
2.0679762642721142,3.201071200234694,0.0239105224609375,4,1.7543435096740723,56.913115055985976
6.5771495189212565,6.728628613084702,0.0239105224609375,16,1.7543435096740723,0.10609728325275643
3.4255655792311632,5.121580188047982,0.0239105224609375,4,1.7543435096740723,9.252114486463576
3.256757284778545,6.0390635259072605,0.0239105224609375,4,1.7543435096740723,5.3162263915555865
3.547862730549843,6.733401891837359,0.0239105224609375,4,1.7543435096740723,0.13909228436015939
3.3547927293832105,6.7357800142423265,0.0239105224609375,4,1.7543435096740723,0.14389958756782384
2.3006405275712956,2.9314900048256374,0.0239105224609375,4,1.7543435096740723,28.06620368989411
3.725377774467892,3.2736007245574474,0.0239105224609375,4,1.7543435096740723,0.1405137063762591
4.313342006567807,6.0473721790462776,0.0239105224609375,8,1.7543435096740723,15.272812256262267
7.84527434202705,6.048553514092109,0.01068878173828125,16,0.7018884023030599,0.08130689710232102
5.819791357844053,4.440295542797857,0.01068878173828125,8,0.7018884023030599,5.226970208148587
5.14543777053718,3.6995367485879243,0.01068878173828125,8,0.7018884023030599,1.6299202583110386
2.7419906561812137,6.052089168924417,0.01068878173828125,4,0.7018884023030599,3.025458363225598
5.873035652251939,4.954652659345319,0.01068878173828125,8,0.7018884023030599,8.452009616845624
6.085485771511957,5.3612921657094255,0.01068878173828125,16,0.7018884023030599,2.2667551726415085
3.1718070719658615,6.055612366931734,0.01068878173828125,4,0.7018884023030599,0.29311218367810055
2.0679762642721142,3.1945831322991562,0.01068878173828125,4,0.7018884023030599,56.913115055985976
6.5771495189212565,6.0579542883768145,0.01068878173828125,16,0.7018884023030599,0.10609728325275643
3.4255655792311632,4.9605109069136875,0.01068878173828125,4,0.7018884023030599,9.252114486463576
3.256757284778545,5.65482562992967,0.01068878173828125,4,0.7018884023030599,5.3162263915555865
3.547862730549843,5.655991810819852,0.01068878173828125,4,0.7018884023030599,0.13909228436015939
3.3547927293832105,6.06262174142431,0.01068878173828125,4,0.7018884023030599,0.14389958756782384
2.3006405275712956,2.9282909927584586,0.01068878173828125,4,0.7018884023030599,28.06620368989411
3.725377774467892,4.812184355372417,0.01068878173828125,4,0.7018884023030599,29.180108439452617
3.660717503987045,5.372960909543803,0.01068878173828125,4,0.7018884023030599,27.057031953404092
4.036282100346827,6.760414691083428,0.01068878173828125,8,0.7018884023030599,0.14658805719077747
0.1162681002690387,6.0695823263719335,0.01068878173828125,2,0.7018884023030599,98.45134826185222
1.4100919607632174,5.665272619894325,0.01068878173828125,2,0.7018884023030599,13.76681190548993
1.1560108324737841,4.2801323269925415,0.01068878173828125,2,0.7018884023030599,1.6926840079762844
2.1778271854495386,6.7661917146603505,0.01068878173828125,4,0.7018884023030599,61.41111562172097
0.2560567197115181,4.129435882033371,0.01068878173828125,2,0.7018884023030599,96.89769605125183
4.399136597773776,6.769641976852503,0.01068878173828125,8,0.7018884023030599,0.5370161517474255
1.0429304021764834,5.385641194719711,0.01068878173828125,2,0.7018884023030599,77.00351485086142
0.20138688769487373,6.773080375655535,0.01068878173828125,2,0.7018884023030599,97.58768660918959
2.306201187181111,4.983606621708336,0.01068878173828125,4,0.7018884023030599,0.4424076450658075
3.804251227908635,6.776506992372183,0.01068878173828125,4,0.7018884023030599,0.05226328090186292
2.6321105861847607,2.9286372959751183,0.01068878173828125,4,0.7018884023030599,41.10640206388955
3.3922776358749216,3.283414346005772,0.01068878173828125,4,0.7018884023030599,0.04667778021139826
3.741340105637233,4.383162353137809,0.01068878173828125,4,0.7018884023030599,21.962705617859662
8.433025931810139,5.172754143572691,0.01351165771484375,16,1.1286636193593342,0.027530696694453537
5.337904883065841,6.090178020044014,0.01351165771484375,8,1.1286636193593342,0.009995834682722476
0.23727727848115204,5.685844773969534,0.01351165771484375,2,1.1286636193593342,97.26007895673501
2.585417206913849,5.3992932838880385,0.01351165771484375,4,1.1286636193593342,1.7847703473344978
1.662850315175322,4.221767593143544,0.01351165771484375,2,1.1286636193593342,1.6285617732845905
3.110836876279361,6.094697801749634,0.01351165771484375,4,1.1286636193593342,42.14417973321007
0.5131005541789279,4.08092154188996,0.01351165771484375,2,1.1286636193593342,93.00016466809076
5.653674663818036,6.096950054953959,0.01351165771484375,8,1.1286636193593342,0.12066944697777708
1.8852178002520468,5.181783550292085,0.01351165771484375,2,1.1286636193593342,54.81781578860719
1.3023021827661672,6.0991972469108635,0.01351165771484375,2,1.1286636193593342,79.52055084540599
2.658913316772201,4.847555983524696,0.01351165771484375,4,1.1286636193593342,0.21458251279710022
4.577665326771781,6.101439400316553,0.01351165771484375,8,1.1286636193593342,0.01339323656416476
3.5236982981987808,2.9245047642656234,0.01351165771484375,4,1.1286636193593342,18.84326157964078
3.9413535585860866,4.717382176595019,0.01351165771484375,4,1.1286636193593342,14.456729813109748
5.02371084138284,4.31303376318693,0.01351165771484375,8,1.1286636193593342,1.5128161050036355
5.4434930576605405,6.799055862058796,0.01351165771484375,8,1.1286636193593342,0.47634864878033
3.5293132113862873,5.0095235652435655,0.01351165771484375,4,1.1286636193593342,9.126315749122933
1.6124689876862082,6.802394763324311,0.01351165771484375,2,1.1286636193593342,0.3437847677129211
1.1609457897942954,6.804614520062624,0.01351165771484375,2,1.1286636193593342,57.72570750523097
4.142543672309738,5.708217071724067,0.01351165771484375,8,1.1286636193593342,10.379998395077578
1.7960081996615516,4.862024794644613,0.01351165771484375,2,1.1286636193593342,14.608575074267934
0.4063862905080768,5.71042701737487,0.01351165771484375,2,1.1286636193593342,94.46014731576625
2.6669294146291334,2.9183221520045097,0.01351165771484375,4,1.1286636193593342,30.281513358118456
3.517319837603425,5.424950017481403,0.01351165771484375,4,1.1286636193593342,0.002182868588961152
7.059312522387737,6.119197913617533,0.0157470703125,16,1.1561910311381023,0.11326749560018962
5.766761740975879,5.204006687076795,0.0157470703125,8,1.1561910311381023,0.12554619162810657
5.144835326984388,5.715930608591849,0.0157470703125,8,1.1561910311381023,0.3125041712611439
6.988237009606583,6.1224928095143865,0.0157470703125,16,1.1561910311381023,1.6693296640678317
3.277314068202448,4.044147158355187,0.0157470703125,4,1.1561910311381023,3.5378402957309567
1.7196627307596166,6.81783057145415,0.0157470703125,2,1.1561910311381023,0.008838143729554937
3.112435087069567,6.820016364674131,0.0157470703125,4,1.1561910311381023,9.394003554769894
0.02659203674464217,5.21275947818639,0.0157470703125,2,1.1561910311381023,99.74498409597679
2.891976733271293,4.050697400115906,0.0157470703125,4,1.1561910311381023,4.730148529107679
3.503674725540976,5.032614200815031,0.0157470703125,4,1.1561910311381023,5.859259613632274
5.154194881053218,6.825460036255307,0.0157470703125,8,1.1561910311381023,12.941895675067721
2.7388835258471738,2.9156062290747062,0.0157470703125,4,1.1561910311381023,27.0650516177531
4.094873498477427,4.631487494305465,0.0157470703125,8,1.1561910311381023,5.135779884512016
7.141151465100013,4.264844380050889,0.0157470703125,16,1.1561910311381023,0.17406311822182075
5.296124648435498,3.7398317812878634,0.0157470703125,8,1.1561910311381023,2.2350899378638367
2.719887210301901,5.733341276897745,0.0157470703125,4,1.1561910311381023,23.289621663834716
5.442474227535074,5.734419444118091,0.0157470703125,8,1.1561910311381023,0.21132595535334203
2.297570968970408,5.447814377693948,0.0157470703125,4,1.1561910311381023,1.4431696874447948
3.7883773573233066,4.001971242091085,0.0157470703125,4,1.1561910311381023,6.030919869923665
1.8868108468408809,3.3098987526609056,0.0157470703125,2,1.1561910311381023,66.3454275596828
4.940572278879495,5.738720526017482,0.0157470703125,8,1.1561910311381023,0.21683261402500906
3.0204446019883067,2.906579568123018,0.0157470703125,4,1.1561910311381023,23.018434401864347
3.873852463991549,3.284128376739429,0.0157470703125,4,1.1561910311381023,0.09172319741323208
4.924330626398239,5.741934240620577,0.0157470703125,8,1.1561910311381023,0.229588557242838
7.84527434202705,6.841615476477592,0.025238037109375,16,1.2843310832977295,0.015885684347544324
5.006519296257481,4.278800591544688,0.025238037109375,8,1.2843310832977295,22.56979615259737
3.8496954937641163,5.0530560099802075,0.025238037109375,4,1.2843310832977295,0.005451913360037491
2.8162679272354696,3.9555081173678848,0.025238037109375,4,1.2843310832977295,15.611920489694633
1.663327716581807,3.2634242011292693,0.025238037109375,2,1.2843310832977295,35.41906512164669
5.272839080289943,6.154858094016418,0.025238037109375,8,1.2843310832977295,0.2300901362857334
4.026236627185131,6.849066282633458,0.025238037109375,8,1.2843310832977295,2.614786161264316
2.9712956068934564,2.8999412089123155,0.025238037109375,4,1.2843310832977295,36.234968634262735
4.183237951430806,6.852242569051878,0.025238037109375,8,1.2843310832977295,3.3926609094316937
3.134118557069719,4.2152971726397634,0.025238037109375,4,1.2843310832977295,33.40739323205888
5.612342064964997,6.855408798609928,0.025238037109375,8,1.2843310832977295,0.0444420799762199
2.1102097125010957,6.85751406254539,0.025238037109375,4,1.2843310832977295,60.41531282638457
2.274407685352525,6.859614903654202,0.025238037109375,4,1.2843310832977295,47.87263714651847
3.4014609988010935,6.86171134048073,0.025238037109375,4,1.2843310832977295,8.150524108207179
1.8966925420055207,2.8935114779008324,0.025238037109375,2,1.2843310832977295,60.2535255483304
4.035047222610384,5.073088308742806,0.025238037109375,8,1.2843310832977295,0.1444107907048508
7.889630272256962,4.380984425095438,0.004825592041015625,16,0.49100202672621784,0.03625737330085169
5.123809346942698,3.9224943052954413,0.004825592041015625,8,0.49100202672621784,3.3082117012758405
5.172663253400872,6.8679744089702925,0.004825592041015625,8,0.49100202672621784,0.03332062988538142
5.417696873397311,6.870053411798126,0.004825592041015625,8,0.49100202672621784,0.18971256997488642
4.665676981800845,4.164077900236776,0.004825592041015625,8,0.49100202672621784,2.5030755894837022
6.248324792896344,6.873163834212518,0.004825592041015625,16,0.49100202672621784,0.04890145952615735
3.092585977011505,5.7766197986084675,0.004825592041015625,4,0.49100202672621784,6.484850297166185
2.7188563646785537,6.183117431330821,0.004825592041015625,4,0.49100202672621784,2.8711276316791348
4.977232809083226,6.877296071497429,0.004825592041015625,8,0.49100202672621784,0.838317533475675
3.526216687447337,5.493061443340548,0.004825592041015625,4,0.49100202672621784,9.821351512485752
1.905068335903215,3.296865143729895,0.004825592041015625,2,0.49100202672621784,13.25121634524035
6.045998644635507,6.881411303642535,0.004825592041015625,16,0.49100202672621784,0.16948611238204522
3.3322396504346585,6.883462586413092,0.004825592041015625,4,0.49100202672621784,0.04785437632962083
2.623544694188909,5.276071757600717,0.004825592041015625,4,0.49100202672621784,13.147422159054548
4.784181009867505,4.48863636973214,0.004825592041015625,8,0.49100202672621784,1.4748492630306465
5.763575350786523,4.248495242049359,0.004825592041015625,8,0.49100202672621784,11.545348123845955
5.274282560726151,6.888572459565363,0.004825592041015625,8,0.49100202672621784,0.06843467728243627
6.067329466732601,5.791996831479057,0.004825592041015625,16,0.49100202672621784,0.17440251600906712
2.2873652676241893,4.058412552996037,0.004825592041015625,4,0.49100202672621784,43.715087455340374
3.4112337986915797,3.281723728527864,0.004825592041015625,4,0.49100202672621784,16.059740509900937
6.573024905792341,5.284218442168535,0.004825592041015625,16,0.49100202672621784,0.4364772601957374
3.853353866943591,5.1029105702054265,0.004825592041015625,4,0.49100202672621784,11.394141323394171
4.512607997406285,4.410776047959867,0.004825592041015625,8,0.49100202672621784,7.333101529509278
2.49036015047603,4.188644130520502,0.004825592041015625,4,0.49100202672621784,57.7216141642033
3.7767853646554608,6.897704943128636,0.004825592041015625,4,0.49100202672621784,0.008075873995694056
2.8712243295052993,5.5134287461649825,0.004825592041015625,4,0.49100202672621784,38.247687184711644
2.170306287539204,4.821289122365337,0.004825592041015625,4,0.49100202672621784,11.06973148396204
5.977293147771164,6.901737206656574,0.004825592041015625,8,0.49100202672621784,0.7812563248377603
2.099061735131788,3.7682530416554485,0.004825592041015625,4,0.49100202672621784,42.27832767362581
2.290285456870081,6.904750769961838,0.004825592041015625,4,0.49100202672621784,0.009292886600279108
2.6997731442853854,4.0163830207523885,0.004825592041015625,4,0.49100202672621784,19.383728114809735
2.767088821134965,6.907755278982137,0.004825592041015625,4,0.49100202672621784,0.2791030456435642
2.468967674699572,4.9638431325894965,0.004825592041015625,4,0.49100202672621784,29.842275071481524
2.6603910772940678,4.964840638906622,0.004825592041015625,4,0.49100202672621784,0.8743140422452553
3.6591538464282882,4.714522722915455,0.004825592041015625,4,0.49100202672621784,19.859285108793486
4.106018700222611,6.219595639933231,0.004825592041015625,8,0.49100202672621784,16.332129961052242
2.8783413369684543,3.969298371493244,0.004825592041015625,4,0.49100202672621784,4.352317129000789
4.4366433041042725,6.914730892718563,0.004825592041015625,8,0.49100202672621784,12.628717476681395
1.8646263565699914,3.2791288606272233,0.004825592041015625,2,0.49100202672621784,66.15887359359672
2.358390024251543,6.22455842927536,0.004825592041015625,4,0.49100202672621784,59.5277483479788
2.5552782005348957,6.225548038460526,0.004825592041015625,4,0.49100202672621784,10.795339998905664
2.031515462070324,4.973773700792098,0.004825592041015625,4,0.49100202672621784,15.422545221401899
2.952594949647671,4.148082782008903,0.004825592041015625,4,0.49100202672621784,5.52499218354447
4.585430295875571,6.921658184151128,0.004825592041015625,8,0.49100202672621784,0.495437898403286
3.211060714273156,4.6210435351443815,0.004825592041015625,4,0.49100202672621784,7.904147389829949
1.3263841676950006,6.92461239604856,0.004825592041015625,2,0.49100202672621784,0.0889474793333018
3.0430127911577536,6.926577033222725,0.004825592041015625,4,0.49100202672621784,0.12723545168724246
0.553898575539767,6.928537818164665,0.004825592041015625,2,0.49100202672621784,93.17622567375827
2.437926670110167,2.941510719387352,0.004825592041015625,4,0.49100202672621784,10.235476427638817
4.25825670512083,3.267910159469807,0.004825592041015625,8,0.49100202672621784,0.2951163305531303
4.692728823346418,4.367498534110972,0.004825592041015625,8,0.49100202672621784,2.0968364829003936
7.84527434202705,4.294365696115456,0.0219573974609375,16,1.2686533086440142,0.036220928899422085
5.128184177785888,6.241250029368613,0.0219573974609375,8,1.2686533086440142,0.19370172221815912
3.633505441343489,6.2422232654551655,0.0219573974609375,4,1.2686533086440142,0.421921426594804
3.6171948370076716,6.9363427358340495,0.0219573974609375,4,1.2686533086440142,1.6110426421810808e-06
3.4388569259853945,4.5403892112185895,0.0219573974609375,4,1.2686533086440142,9.28857619435499
5.621774278682662,6.246106765481563,0.0219573974609375,8,1.2686533086440142,0.28964945613016185
3.8123430417539694,6.940222469119639,0.0219573974609375,4,1.2686533086440142,12.6116386683915
0.008815729284908575,6.942156705699469,0.0219573974609375,2,1.2686533086440142,99.91500686679613
3.3263944921410156,3.948354934675536,0.0219573974609375,4,1.2686533086440142,8.822417835981497
2.64484835992258,3.7669972333778885,0.0219573974609375,4,1.2686533086440142,0.09649277544262157
5.578618947814812,5.847401702431117,0.0219573974609375,8,1.2686533086440142,1.5221749146343024
4.594952928534641,6.946975992135418,0.0219573974609375,8,1.2686533086440142,0.14560447517069988
1.2634264231409975,3.9531649487593215,0.0219573974609375,2,1.2686533086440142,59.41960860506978
4.485717500781077,6.256709274440827,0.0219573974609375,8,1.2686533086440142,3.570763925862093
0.0690518630286523,6.9508147684425845,0.0219573974609375,2,1.2686533086440142,99.01458279352077
2.5945334889398164,2.9453954593923974,0.0219573974609375,4,1.2686533086440142,27.4074988028851
3.8838332843719288,4.120470866814321,0.0219573974609375,4,1.2686533086440142,0.0886250259785794
7.84527434202705,4.246588663778778,0.01058197021484375,16,0.9699662526448568,0.036220928899422085
5.128184177785888,5.856980319728187,0.01058197021484375,8,0.9699662526448568,0.19370172221815912
3.633505441343489,5.857933154483459,0.01058197021484375,4,0.9699662526448568,0.421921426594804
3.6171948370076716,6.264350190317006,0.01058197021484375,4,0.9699662526448568,1.6110426421810808e-06
3.4388569259853945,4.473541743509655,0.01058197021484375,4,0.9699662526448568,9.28857619435499
5.621774278682662,5.860786223465865,0.01058197021484375,8,0.9699662526448568,0.28964945613016185
3.8123430417539694,5.861735440433198,0.01058197021484375,4,0.9699662526448568,12.6116386683915
0.008815729284908575,6.268148865350222,0.01058197021484375,2,0.9699662526448568,99.91500686679613
3.3263944921410156,3.9177210265427838,0.01058197021484375,4,0.9699662526448568,8.822417835981497
2.64484835992258,3.7443141610020367,0.01058197021484375,4,0.9699662526448568,0.09649277544262157
5.578618947814812,5.577841251298354,0.01058197021484375,8,0.9699662526448568,1.5221749146343024
4.594952928534641,6.271933165041461,0.01058197021484375,8,0.9699662526448568,0.14560447517069988
1.2634264231409975,3.92150174938269,0.01058197021484375,2,0.9699662526448568,59.41960860506978
4.485717500781077,5.580672777494093,0.01058197021484375,8,0.9699662526448568,3.570763925862093
0.0690518630286523,6.274762021241939,0.01058197021484375,2,0.9699662526448568,99.01458279352077
2.5945334889398164,2.9434986876067986,0.01058197021484375,4,0.9699662526448568,27.4074988028851
3.8838332843719288,5.1780312006735345,0.01058197021484375,4,0.9699662526448568,21.51706839464831
5.273935590994464,5.872117789475416,0.01058197021484375,8,0.9699662526448568,0.8149503369672181
4.185159081867929,6.278521424165844,0.01058197021484375,8,0.9699662526448568,5.292608449616542
3.624916305581167,4.407656893840216,0.01058197021484375,4,0.9699662526448568,1.8018978257036034
1.4320231162067718,5.58724865840025,0.01058197021484375,2,0.9699662526448568,78.0934945309701
3.2181597318630613,6.974478911025045,0.01058197021484375,4,0.9699662526448568,0.003103246014516356
2.5487183770045716,6.976348070447749,0.01058197021484375,4,0.9699662526448568,0.00682009065328845
3.595122741774527,5.8796014539625885,0.01058197021484375,4,0.9699662526448568,9.812907744352705
2.734272184343871,5.8805329864007,0.01058197021484375,4,0.9699662526448568,0.5866293550170598
1.5274925776816237,3.2911964864478267,0.01058197021484375,2,0.9699662526448568,64.07516461213551
5.198575166567704,6.98100574072173,0.01058197021484375,8,0.9699662526448568,20.24258374729329
2.9690757753410835,2.9398114836343923,0.01058197021484375,4,0.9699662526448568,36.12627918040125
3.861300525670851,4.344732635642876,0.01058197021484375,4,0.9699662526448568,0.009318117738669727
4.840959263568941,6.984716320118265,0.01058197021484375,8,0.9699662526448568,0.3049865963849905
7.6304152405365775,5.600272098286537,0.0089874267578125,16,0.798247754573822,0.013087737950524887
3.8498587275258624,5.8888779583328805,0.0089874267578125,4,0.798247754573822,0.007392460112785132
4.100456215215322,4.280362980897381,0.0089874267578125,8,0.798247754573822,5.278461683431074
4.774872087679039,5.37989735354046,0.0089874267578125,8,0.798247754573822,28.983587601359684
3.570429036856798,6.297109319933935,0.0089874267578125,4,0.798247754573822,0.0033376506965724583
2.8447153722407013,6.298029706561264,0.0089874267578125,4,0.798247754573822,0.009608338721710649
3.6120457048144927,5.605802066295998,0.0089874267578125,4,0.798247754573822,4.807011044766078
3.233903498137696,5.60672076181307,0.0089874267578125,4,0.798247754573822,0.5214685645271818
1.917079300244628,3.2803609085188814,0.0089874267578125,2,0.798247754573822,64.51026159492336
6.212927396571002,6.301702805273125,0.0089874267578125,16,0.798247754573822,4.96403295746719
3.8681739909889044,2.935323145758431,0.0089874267578125,4,0.798247754573822,11.69147996464492
4.362476009615506,6.996681488176539,0.0089874267578125,8,0.798247754573822,2.1202073703121265
5.447671652526195,6.305362461690656,0.0089874267578125,8,0.798247754573822,0.8218884411689412
5.231275483894155,6.999422467507961,0.0089874267578125,8,0.798247754573822,1.322117225272044
3.391986454273364,5.614951260949585,0.0089874267578125,4,0.798247754573822,0.12111294979956888
2.6527643804863708,3.7440594163821395,0.0089874267578125,4,0.798247754573822,51.43748718640242
5.396910853793724,5.393627546352362,0.0089874267578125,8,0.798247754573822,9.539606703422475
4.710126684064427,3.912931683364364,0.0089874267578125,8,0.798247754573822,4.565521776227611
4.609917039217755,7.00488198971286,0.0089874267578125,8,0.798247754573822,0.42922940782819535
1.26417470051987,5.908082938168931,0.0089874267578125,2,0.798247754573822,76.42788783029764
2.8290677741181387,3.3966827013076286,0.0089874267578125,4,0.798247754573822,0.11395119530931486
3.060280613103719,5.90989289341417,0.0089874267578125,4,0.798247754573822,25.553610074345855
2.7719897894810446,4.929967391028801,0.0089874267578125,4,0.798247754573822,4.290402067752952
2.5768977471580228,4.119940109411065,0.0089874267578125,4,0.798247754573822,6.952600311931527
3.449070034754247,7.011213987350367,0.0089874267578125,4,0.798247754573822,5.714230417702855
3.7429353101498277,7.01301578963963,0.0089874267578125,4,0.798247754573822,0.003626660178402791
1.9056525242508817,3.8793201353463953,0.0089874267578125,2,0.798247754573822,37.77090019618471
1.9667265953866213,3.2780428022038612,0.0089874267578125,2,0.798247754573822,60.10781029818241
4.057975118485165,7.016609683894219,0.0089874267578125,8,0.798247754573822,5.740025817608153
1.7938633861819897,2.940864355163481,0.0089874267578125,2,0.798247754573822,65.95153478919465
4.124832431809198,3.258096538021482,0.0089874267578125,8,0.798247754573822,0.01659553697521244
4.986082324066676,7.020190708311925,0.0089874267578125,8,0.798247754573822,0.9425069123826421
7.9020148188944015,7.02197642307216,0.009979248046875,16,0.6008761269705636,0.005099876648751157
4.783655920649796,4.251170232498662,0.009979248046875,8,0.6008761269705636,0.2556542459050179
4.348878424585687,5.415211118019536,0.009979248046875,8,0.6008761269705636,0.01966550984083691
3.431270475038569,4.946096772958684,0.009979248046875,4,0.6008761269705636,3.586492260110536
4.599864872053166,3.38884064897325,0.009979248046875,8,0.6008761269705636,29.587771753695797
6.969760913234417,5.928702225371667,0.009979248046875,16,0.6008761269705636,0.6592089163889788
5.804828037697056,7.028201432058005,0.009979248046875,8,0.6008761269705636,0.013839228139759808
4.059186728680585,4.390915582091128,0.009979248046875,8,0.6008761269705636,2.130187254868385
2.101811222054829,7.030857476116121,0.009979248046875,4,0.6008761269705636,0.0013091241210754095
2.9509230481853876,7.0326242610280065,0.009979248046875,4,0.6008761269705636,50.49725525958226
0.23547894242288234,7.034387929915503,0.009979248046875,2,0.6008761269705636,94.05895407685333
3.7458117614623547,2.9418039315284354,0.009979248046875,4,0.6008761269705636,27.027990169446674
4.4167035175635885,7.037027614686276,0.009979248046875,8,0.6008761269705636,0.006320027221125907
4.692061626604861,7.038783541388542,0.009979248046875,8,0.6008761269705636,2.1035468619688436
5.765463900674745,4.267947667976174,0.009979248046875,8,0.6008761269705636,0.15763901596335628
4.82309207706378,4.208198319738595,0.009979248046875,8,0.6008761269705636,10.781497617865217
4.79156559146578,5.432848259505643,0.009979248046875,8,0.6008761269705636,5.176446026209648
2.617831565811397,3.952117462630024,0.009979248046875,4,0.6008761269705636,19.002936274501835
3.202140294283948,6.35088571671474,0.009979248046875,4,0.6008761269705636,3.571935532110182
0.2668170959381687,6.351757936569426,0.009979248046875,2,0.6008761269705636,96.64436585945977
0.017375809394270775,6.352629396319567,0.009979248046875,2,0.6008761269705636,99.83560932467563
2.8834533943016316,3.7508104118444265,0.009979248046875,4,0.6008761269705636,5.064083846773147
6.220106003743341,5.661222860237405,0.009979248046875,16,0.6008761269705636,0.22243298090411406
2.397391795912522,3.870332578373937,0.009979248046875,4,0.6008761269705636,34.753127516168355
4.204666629858852,3.2650652073375754,0.009979248046875,8,0.6008761269705636,15.936816942650175
3.903407562858796,5.258363051041004,0.009979248046875,4,0.6008761269705636,0.008183454269181928
2.3273204972841364,3.718784936892841,0.009979248046875,4,0.6008761269705636,1.9056958834533118
6.174053559334617,7.051855622955894,0.009979248046875,16,0.6008761269705636,0.020850471930572566
3.879795016691085,7.053585727193677,0.009979248046875,4,0.6008761269705636,0.11231330137611234
3.2740251238381792,7.055312843339752,0.009979248046875,4,0.6008761269705636,36.12376366679554
2.1583843937611276,4.3489867805956814,0.009979248046875,4,0.6008761269705636,5.237873434261924
3.3812643505120916,3.2512354476415366,0.009979248046875,4,0.6008761269705636,33.28089667876715
3.0112351861239572,6.365610971958719,0.009979248046875,4,0.6008761269705636,6.769999205021396
1.6000565003552265,2.948743764118072,0.009979248046875,2,0.6008761269705636,76.39603012290752
4.73153093985534,4.2272630219435845,0.009979248046875,8,0.6008761269705636,0.00846705620040014
5.689092965775613,7.061334366910438,0.04791259765625,8,2.6275217533111572,0.7528209941566989
5.087309568493776,3.399486517258526,0.04791259765625,8,2.6275217533111572,7.168123508560739
6.681048659343944,7.063903961472069,0.04791259765625,16,2.6275217533111572,0.01740402168777382
4.142896124206114,4.868388786261498,0.04791259765625,8,2.6275217533111572,35.64318195215597
6.1565378617167275,7.066466970136958,0.04791259765625,16,2.6275217533111572,0.0030389430579404295
3.3030082950883015,7.068172000388042,0.04791259765625,4,2.6275217533111572,5.135327540966643
4.378761330091841,2.9427397434134805,0.04791259765625,8,2.6275217533111572,2.7954355106692854
4.529123334948537,7.0707241072602764,0.04791259765625,8,2.6275217533111572,0.009681182178599965
5.691573446985184,6.379274719977426,0.011688232421875,8,0.7237505029748987,0.7569681369323485
5.088705846168069,3.3843902633457743,0.011688232421875,8,0.7237505029748987,7.124957222586289
6.683187947170605,6.380969635637417,0.011688232421875,16,0.7237505029748987,0.18154214149252845
5.3185805183750805,6.3818160174060985,0.011688232421875,8,0.7237505029748987,0.17292860292720502
2.47252568673724,6.3826616834184415,0.011688232421875,4,0.7237505029748987,0.0023717252046000755
3.4108788675687465,6.3835066348840055,0.011688232421875,4,0.7237505029748987,0.0025493773861141986
4.017245150040921,4.512548696107695,0.011688232421875,8,0.7237505029748987,0.021409228645368743
6.398705255775313,7.078341579557671,0.011688232421875,16,0.7237505029748987,1.0901572691256243
3.500245524558621,5.000584958242754,0.011688232421875,4,0.7237505029748987,24.958158004755315
1.8798239321664403,4.308279174451001,0.011688232421875,2,0.7237505029748987,52.31486876171951
3.9485194764092046,5.135798437050262,0.011688232421875,4,0.7237505029748987,13.297307039629821
2.471286116855109,5.983936280687191,0.011688232421875,4,0.7237505029748987,55.46561247643008
3.4261668535506455,2.9402531212337624,0.011688232421875,4,0.7237505029748987,27.470354760741934
4.3450572101364955,5.985614133429807,0.011688232421875,8,0.7237505029748987,5.418563697567865
4.144298085073494,7.085064293952548,0.011688232421875,8,0.7237505029748987,0.33694442504298655
2.5100607443390275,3.258096538021482,0.011688232421875,4,0.7237505029748987,13.41169835569648
2.8515381205636166,5.701279344438083,0.011688232421875,4,0.7237505029748987,54.24708031795601
3.3936540202939045,3.7211129486889205,0.011688232421875,4,0.7237505029748987,19.932919051873963
3.4432548980651885,7.089243155027514,0.011688232421875,4,0.7237505029748987,0.267754399015525
4.2670346225454505,3.240762220369925,0.011688232421875,8,0.7237505029748987,5.465190917887391
5.400973663617641,5.4823042026610525,0.011688232421875,8,0.7237505029748987,2.945607771973139
1.365523009468525,5.993961427306569,0.011688232421875,2,0.7237505029748987,80.61694448111433
2.6452512766294713,4.896180048532547,0.011688232421875,4,0.7237505029748987,0.7356878966840444
4.460683487262294,3.3806627792204478,0.011688232421875,8,0.7237505029748987,15.228072223205785
5.372482591834608,5.70877001616724,0.011688232421875,8,0.7237505029748987,3.0432616811748288
2.210528512136727,2.9370101377378597,0.011688232421875,4,0.7237505029748987,50.16093584656184
3.7414706648628746,6.403574197934815,0.011688232421875,4,0.7237505029748987,0.0014502611133913744
7.83689450147979,5.998936561946683,0.0179443359375,16,1.558090511121248,0.1250631645342741
4.0280212371493205,4.208003880694622,0.0179443359375,8,1.558090511121248,5.49998164763499
5.843713635649593,6.406054562993147,0.0179443359375,8,1.558090511121248,0.12480113309375755
2.3555742049799138,7.10002716662926,0.0179443359375,4,1.558090511121248,0.011278360503013304
4.33438016020534,7.101675971619444,0.0179443359375,8,1.558090511121248,0.0010670085281856518
3.644657706849516,5.717027701406222,0.0179443359375,4,1.558090511121248,5.272474684076919
2.4021966704333853,3.366474474704159,0.0179443359375,4,1.558090511121248,33.10663586669967
6.281519429839363,7.1049654482698426,0.0179443359375,16,1.558090511121248,4.9731479213885
3.1506765045152725,4.909381560391083,0.0179443359375,4,1.558090511121248,0.857640776372656
5.253532503522869,3.236224463202814,0.0179443359375,8,1.558090511121248,8.251493307187113
5.082177371615954,5.162333990676228,0.0179443359375,8,1.558090511121248,0.17607726816577207
4.155773361634269,7.109062135687172,0.0179443359375,8,1.558090511121248,1.3272740071099858
2.93210378619151,3.2188758248682006,0.0179443359375,4,1.558090511121248,14.541867139729858
4.952887460044915,5.725217755376266,0.0179443359375,8,1.558090511121248,28.79161036954139
3.6894508720254793,7.112327444710911,0.0179443359375,4,1.558090511121248,0.05827341504992807
1.9429770254529084,7.113956109566034,0.0179443359375,2,1.558090511121248,1.5849738202858403
2.65901485976792,2.941194856288816,0.0179443359375,4,1.558090511121248,38.28358152270974
4.204250475649358,3.204371138665319,0.0179443359375,8,1.558090511121248,0.025622713753020412
5.08185911177679,5.507767590730244,0.0179443359375,8,1.558090511121248,24.028315950800643
3.07669792371503,3.7168188228031775,0.0091094970703125,4,0.7384373591496394,0.2035866957296815
5.751864961925197,7.118826249062078,0.0091094970703125,8,0.7384373591496394,29.353808485490134
5.967192193469463,5.511006459958387,0.0091094970703125,8,0.7384373591496394,3.9045323406182524
3.2513666686857863,5.734958092124651,0.0091094970703125,4,0.7384373591496394,0.18792144274081904
2.228201242022313,5.512621969195042,0.0091094970703125,4,0.7384373591496394,0.34213983375958706
0.7305276733378312,3.6888794541139363,0.0091094970703125,2,0.7384373591496394,0.5138671598233584
5.024441680097791,7.123672785204607,0.0091094970703125,8,0.7384373591496394,0.014537451313974352
2.6312781473379943,4.822697998516666,0.0091094970703125,4,0.7384373591496394,0.8897200450695334
1.8781653249321826,5.334327804071069,0.0091094970703125,2,0.7384373591496394,23.25406952251228
5.4512508083779005,7.126890808898808,0.0091094970703125,8,0.7384373591496394,6.796517131676487
3.8134279897489485,3.367295829986474,0.0091094970703125,4,0.7384373591496394,27.523527798147057
5.329632212982955,6.436150368369428,0.0091094970703125,8,0.7384373591496394,0.0071113515010480625
3.2165442610460655,4.732203237327207,0.0091094970703125,4,0.7384373591496394,35.813569332726466
7.055255545252644,7.1308988302963465,0.0091094970703125,16,0.7384373591496394,0.029122804232562312
4.409591100822956,7.132497551660044,0.0091094970703125,8,0.7384373591496394,0.7376613056726202
3.306270940357188,3.6683578183931393,0.0091094970703125,4,0.7384373591496394,8.595913730683488
4.369859012769407,5.3431313823378295,0.0091094970703125,8,0.7384373591496394,0.01235022664969464
4.602845144321019,3.9168115221599433,0.0091094970703125,8,0.7384373591496394,21.5866967774191
4.992739943148462,7.136483208590247,0.0091094970703125,8,0.7384373591496394,0.042108246896544736
1.8831063524833997,7.138073034044347,0.0091094970703125,2,0.7384373591496394,23.939588189056344
4.114743748989109,4.9424357586287,0.0091094970703125,8,0.7384373591496394,17.300361861499198
3.348941538733356,4.307239699044942,0.0091094970703125,4,0.7384373591496394,21.742691400314314
2.4683641879941347,5.061803580670655,0.0091094970703125,4,0.7384373591496394,35.88471749044093
2.670946988567829,7.142036574706803,0.0091094970703125,4,0.7384373591496394,1.3798650570732611
2.1403250552142032,4.0081233867749715,0.0091094970703125,4,0.7384373591496394,0.8537100756224811
2.739818816136093,7.144407180321139,0.0091094970703125,4,0.7384373591496394,0.030624409094963397
0.2727624800032936,3.887887929692906,0.0091094970703125,2,0.7384373591496394,96.7399473845574
3.842092057671871,7.146772179452637,0.0091094970703125,4,0.7384373591496394,21.94025185140995
1.7424798088800593,4.951121166563848,0.0091094970703125,2,0.7384373591496394,14.021677231696414
1.8305021995272306,7.149131598557407,0.0091094970703125,2,0.7384373591496394,74.12214856369572
1.7146045148186406,2.961046715566101,0.0091094970703125,2,0.7384373591496394,51.30309684045692
4.385762465849831,3.367295829986474,0.0091094970703125,8,0.7384373591496394,0.0018954969032075914
6.1023607292056425,6.053656567364429,0.0091094970703125,16,0.7384373591496394,1.0835159183863086
5.8117572773116635,7.15305163493748,0.0091094970703125,8,0.7384373591496394,0.08985944965808096
5.856369803681851,6.056003068245553,0.0091094970703125,8,0.7384373591496394,3.5996811968066247
2.4593797047124255,4.670489652108734,0.0091094970703125,4,0.7384373591496394,63.00216472471211
2.7798461040991045,3.2243510047562896,0.0091094970703125,4,0.7384373591496394,0.3759526035880957
4.096873800508617,6.463809184055691,0.0091094970703125,8,0.7384373591496394,25.485763902011886
4.514607546290177,6.464588303689961,0.0091094970703125,8,0.7384373591496394,16.63209101537191
7.83689450147979,6.059901708661211,0.01430511474609375,16,1.122894287109375,0.3047354203730492
2.051478098487512,4.594342547336028,0.01430511474609375,4,1.122894287109375,76.61576449662957
6.622020044220902,6.466922027036182,0.01430511474609375,16,1.122894287109375,0.04586986327268329
5.129178822704997,5.214935757608986,0.01430511474609375,8,1.122894287109375,1.512540389532135
5.763057038348438,5.3698625337111325,0.01430511474609375,8,1.122894287109375,0.8250581404528541
3.144037711006746,3.984343667007772,0.01430511474609375,4,1.122894287109375,26.119514165736017
1.962246641060112,3.356509901076323,0.01430511474609375,2,1.122894287109375,38.14158272478215
2.3788991902200456,6.065334395674437,0.01430511474609375,4,1.122894287109375,0.17247379656712983
3.112656836878896,4.8621352857778115,0.01430511474609375,4,1.122894287109375,13.491168837669115
3.3831907463450883,7.165493475060846,0.01430511474609375,4,1.122894287109375,0.24081450902019844
4.899160639588891,7.16703787691222,0.01430511474609375,8,1.122894287109375,0.0015191137219197728
4.818047744967483,7.168579897264035,0.01430511474609375,8,1.122894287109375,1.7675132653595271
2.7716416184571036,4.531062213834369,0.01430511474609375,4,1.122894287109375,14.878412465185468
2.862215736883341,7.170888478512505,0.01430511474609375,4,1.122894287109375,0.5002802062999679
2.5258816059776796,4.282052819228681,0.01430511474609375,4,1.122894287109375,6.758522072965581
2.2266597391328253,3.3445503459975034,0.01430511474609375,4,1.122894287109375,12.619556302625845
2.9207276617629634,6.480811139196849,0.01430511474609375,4,1.122894287109375,54.85533324706838
1.447341749735717,5.382964840608321,0.01430511474609375,2,1.122894287109375,0.032434925092375465
3.3590124775790056,5.096048171944386,0.01430511474609375,4,1.122894287109375,33.965438827285105
4.891779057323673,5.566816619583044,0.01430511474609375,8,1.122894287109375,9.72612027437303
5.482583448819577,5.231108616854587,0.01430511474609375,8,1.122894287109375,2.8739228257699074
3.469629602287034,5.791488055075306,0.01430511474609375,4,1.122894287109375,2.1921937226862442
3.0488762777887315,2.9738528643727338,0.01430511474609375,4,1.122894287109375,10.677379506491114
4.06484545144226,3.228064250922607,0.01430511474609375,8,1.122894287109375,0.07041663420298067
4.7432855645387,6.081457585634687,0.01430511474609375,8,1.122894287109375,22.260743974262844
8.413717064190756,5.794536837924666,0.01025390625,16,0.7414552900526259,0.008039161494596703
